Nombre,Razón social,Nombre de clase de la actividad,Tipo de vialidad,Nombre de la vialidad,Tipo de entre vialidad 1,Nombre de entre vialidad 1,Tipo de entre vialidad 2,Nombre de entre vialidad 2,Tipo de entre vialidad 3,Nombre de entre vialidad 3,Número exterior o kilómetro,Letra exterior,Edificio,Edificio Piso,Número interior,Letra interior,Tipo de asentamiento humano,Nombre de asentamiento humano,Tipo centro comercial,"Corredor industrial, centro comercial o mercado público",Número de local,Código Postal,Clave entidad,Entidad federativa,Clave municipio,Municipio,Clave localidad,Localidad,Área geoestadística básica ,Manzana,Número de teléfono,Correo electrónico,Sitio en Internet,Tipo de establecimiento,Latitud,Longitud
CANCHA DESARROLLO URBANO,ALCALDÍA ÁLVARO OBREGÓN ,Centros de acondicionamiento físico del sector público,CALLE,MORELOS,CALLE,MEXICO,CALLE,DISTRITO FEDERAL,CALLE,BAJA CALIFORNIA,,SN,,,,,COLONIA,DESARROLLO URBANO,,,,1278,9,CIUDAD DE MÉXICO,10,Álvaro Obregón,1,Álvaro Obregón,1951,19,,,,Fijo,"19,38184358","-99,21923631"
CARDIO FITNESS SANTA NFE, ALCALDÍA ÁLVARO OBREGÓN ,Centros de acondicionamiento físico del sector público,CALLE,BELLAVISTA,CALLE,GALEANA,CALLE,GALEANA,CERRADA,NINGUNO,,SN,,,,NINGUNO,COLONIA,SANTA FE,,,,1210,9,CIUDAD DE MÉXICO,10,Álvaro Obregón,1,Álvaro Obregón,296,22,,ALCALDÍA.ÁLVARO.OBREGÓN@.GMAIL.COM,ALCALDÍA.ÁLVARO.OBREGÓN.GMAIL.COM,Fijo,"19,3834226","-99,24036565"
CENTRO  INTERACTIVO PRIMERA VICTORIA,ALCALDÍA ÁLVARO OBREGÓN,Centros de acondicionamiento físico del sector público,CALLE,ROMANOS,CALLE,GENOVESES,CALLE,FLORENTINOS,CALLE,SICILIANOS,0,SN,,,0,SN,COLONIA,PRIMERA VICTORIA,,,,1160,9,CIUDAD DE MÉXICO,10,Álvaro Obregón,1,Álvaro Obregón,243,31,,,,Fijo,"19,38692047","-99,20136658"
CENTRO DE ATENCION INFANTIL COMUNITARIO,ALCALDÍA ÁLVARO OBREGÓN,Clubes deportivos del sector público,CALLE,CUERNAVACA,CALLE,NINGUNO,CALLE,TETECALA,CALLE,IGUALA,48,,,,,,COLONIA,LOMAS DE BECERRA,,,,1280,9,CIUDAD DE MÉXICO,10,Álvaro Obregón,1,Álvaro Obregón,385,58,,,,Fijo,"19,38458797","-99,21593596"
CENTRO DEPORTIVO ECOLOGICO Y CULTURAL PLATEROS,ALCALDÍA ÁLVARO OBREGÓN,Clubes deportivos del sector público,CALLE,FRANCISCO DE P. MIRANDA,CALLE,DOCTOR ROSENBLUETH,CALLE,DOCTOR ENRIQUE CABRERA,CALLE,DOCTOR ENRIQUE CABRERA,,SN,,,,,COLONIA,LOMAS DE PLATEROS,,,,1600,9,CIUDAD DE MÉXICO,10,Álvaro Obregón,1,Álvaro Obregón,811,1,,ANDREY.CAMPOS@AAO.GOB.MX,,Fijo,"19,36816891","-99,19259939"
CENTRO DEPORTIVO LA HORMIGA,ALCALDÍA ÁLVARO OBREGÓN,Centros de acondicionamiento físico del sector público,CALLE,FRATERNIDAD,EJE VIAL,10 SUR (RIO MAGDALENA),AVENIDA,SAN JERONIMO,CALLE,IGLESIA,,SN,,,,,COLONIA,RESIDENCIAL PUERTA DEL PEDREGAL,,,,1090,9,CIUDAD DE MÉXICO,10,Álvaro Obregón,1,Álvaro Obregón,1241,15,5562810131,,,Fijo,"19,33537241","-99,20125374"
CENTRO INTERACTIVO PRIMERA VICTORIA SECCION BOSQUES,ALCALDÍA ÁLVARO OBREGÓN ,Centros de acondicionamiento físico del sector público,CALLE,5,CALLE,G,CALLE,C,CALLE,6,,SN,,,,,COLONIA,PRIMERA VICTORIA SECCION BOSQUES,,,,1160,9,CIUDAD DE MÉXICO,10,Álvaro Obregón,1,Álvaro Obregón,1788,24,,,,Fijo,"19,38810423","-99,19826656"
DEPORTIVO GOLONDRINAS,ALCALDÍA ÁLVARO OBREGÓN ,Centros de acondicionamiento físico del sector público,AVENIDA,LOMAS DE CAPULA,CALLE,GOLONDRINA MUDA,CALLE,GOLONDRINA VIAJERA,CALLE,GOLONDRINA BLANCA,,SN,,,,,COLONIA,LAS GOLONDRINAS 1RA SECCION,,,,1270,9,CIUDAD DE MÉXICO,10,Álvaro Obregón,1,Álvaro Obregón,1523,21,,,,Fijo,"19,38026189","-99,21097407"
DEPORTIVO PARAISO,ALCALDÍA ÁLVARO OBREGÓN ,Centros de acondicionamiento físico del sector público,CALLE,POLVORA,CALLE,ALEMANES,CALLE,AUSTRIACOS,CALLE,PÓLVORA,,SN,,,,,COLONIA,EL PARAISO,,,,1130,9,CIUDAD DE MÉXICO,10,Álvaro Obregón,1,Álvaro Obregón,014A,2,5526149257,,,Fijo,"19,3922451","-99,21251168"
DEPORTIVO VALENTIN GOMEZ FARIAS,ALCALDÍA ÁLVARO ,Clubes deportivos del sector público,CALLE,RIO MIXCOAC ORIENTE,CIRCUITO,MANZANA O EDIFICACION CONTIGUA,CERRADA,NINGUNO,CALLE,RÍO MIXCOAC ORIENTE,,SN,,,,,COLONIA,CAÑADA DEL OLIVAR,,,,1450,9,CIUDAD DE MÉXICO,10,Álvaro Obregón,1,Álvaro Obregón,722,16,,,,Fijo,"19,36805378","-99,20685784"
GIMNASIO MODULAR DE USOS MULTIPLES G3,ALCALDÍA ÁLVARO OBREGÓN ,Centros de acondicionamiento físico del sector público,AVENIDA,ESCUADRON 201,CERRADA,FAUSTO VEGA,CALLE,JOSE ESPINOZA FUENTES,CALLE,10,,SN,,,,,COLONIA,SEDE DELEGACIONAL,,,,1150,9,CIUDAD DE MÉXICO,10,Álvaro Obregón,1,Álvaro Obregón,1788,20,5552766880,,,Fijo,"19,38862889","-99,20042221"
GYM BARRIO NORTE,ALCALDÍA ÁLVARO OBREGÓN ,Centros de acondicionamiento físico del sector público,CALLE,MINAS,OTRO (ESPECIFIQUE),MANZANA O EDIFICACION CONTIGUA,OTRO (ESPECIFIQUE),MANZANA O EDIFICACION CONTIGUA,OTRO (ESPECIFIQUE),NINGUNO,0,SN,,,0,,COLONIA,MINAS DE CRISTO,,,,1419,9,CIUDAD DE MÉXICO,10,Álvaro Obregón,1,Álvaro Obregón,2108,25,,,,Fijo,"19,3810147","-99,20344348"
GYM TORRES DE POTRERO,ALCALDÍA ÁLVARO OBREGÓN,Centros de acondicionamiento físico del sector público,CALLE,ALTA TENSION,CALLE,BUGAMBILIA,CALLE,GERANIO,CALLE,FLOR DE CANELA,,SN,,,,,COLONIA,TORRES DE POTRERO,,,,1840,9,CIUDAD DE MÉXICO,10,Álvaro Obregón,1,Álvaro Obregón,1684,17,,,,Fijo,"19,3296343","-99,25130857"
GIMNASIO ARTURO MARTINEZ,ALCALDÍA ÁLVARO OBREGÓN,Centros de acondicionamiento físico del sector público,CALLE,ANTIGUA VIA A LA VENTA,CALLE,A,CALLE,NINGUNO,CALLE,A,,SN,,,,,COLONIA,LOMAS DE BECERRA,,,,1270,9,CIUDAD DE MÉXICO,10,Álvaro Obregón,1,Álvaro Obregón,370,53,,,,Fijo,"19,38651889","-99,21981514"
ALBERCA SEMI OLÍMPICA CRISTOPHER TRONCO SANCHEZ,ALCALDÍA ÁLVARO OBREGÓN,Parques acuáticos y balnearios del sector público,CALLE,FRANCISCO DE P. MIRANDA,CALLE,DOCTOR ROSENBLUETH,CALLE,DOCTOR ENRIQUE CABRERA,CALLE,DOCTOR ENRIQUE CABRERA,,SN,,,,,COLONIA,MERCED GOMEZ,,,,1600,9,CIUDAD DE MÉXICO,10,Álvaro Obregón,1,Álvaro Obregón,811,1,,,,Fijo,"19,36816783","-99,19259982"
PARQUE ACUATICO JALALPA 2000,ALCALDÍA ÁLVARO OBREGÓN,Parques acuáticos y balnearios del sector público,CALLE,PERAL,OTRO (ESPECIFIQUE),MANZANA O EDIFICACION CONTIGUA,CERRADA,PONIENTE FORTIN,CERRADA,PONIENTE FORTÍN,,SN,,,,,COLONIA,JALALPA EL GRANDE,,,,1377,9,CIUDAD DE MÉXICO,10,Álvaro Obregón,1,Álvaro Obregón,2343,26,,,,Fijo,"19,37158462","-99,24110977"
PARQUE BATALLON DE SAN PATRICIO,ALCALDÍA ÁLVARO OBREGÓN ,Parques de diversiones y temáticos del sector público,CALLE,SAN PATRICIO,CALLE,JOSE ESPINOZA FUENTES,CALLE,10,CALLE,ANCONITANOS,,SN,,,,,COLONIA,CRISTO REY,,,,1150,9,CIUDAD DE MÉXICO,10,Álvaro Obregón,1,Álvaro Obregón,1788,20,,,,Fijo,"19,39018821","-99,20033656"
PARQUE ECOLOGICO JAPON,ALCALDÍA ÁLVARO OBREGÓN ,Parques de diversiones y temáticos del sector público,CALLE,ROMULO OFARRIL,CALLE,ALFONSO CASO ANDRADE,CALZADA,CALZADA DE LAS ÁGUILAS,CALLE,BARRANCA PILARES,,SN,,,,,COLONIA,PILARES,,,,1010,9,CIUDAD DE MÉXICO,10,Álvaro Obregón,1,Álvaro Obregón,1025,2,,,,Fijo,"19,35512585","-99,21510575"
PARQUE ECOLOGICO PRESA TARANGO LAGRIMITA Y COSTEL,ALCALDÍA ÁLVARO OBREGÓN ,Parques de diversiones y temáticos del sector público,AVENIDA,5 DE MAYO,CALLE,NINGUNO,CALLE,PROLONGACION 5 DE MAYO,CALLE,NINGUNO,,SN,,,,,COLONIA,LOMAS DE TARANGO,,,,1620,9,CIUDAD DE MÉXICO,10,Álvaro Obregón,1,Álvaro Obregón,2292,36,,,,Fijo,"19,36043522","-99,21609899"
PARQUE RECREATIVO LA ARBOLEDA O LA L,ALCALDÍA ÁLVARO OBREGÓN ,Parques de diversiones y temáticos del sector público,CALLE,ROBLES,AVENIDA,LOMAS DE CAPULA,CALLE,TOMAS WILSON,CALLE,TOMÁS WILSON,,SN,,,,,COLONIA,PRESIDENTES,,,,1290,9,CIUDAD DE MÉXICO,10,Álvaro Obregón,1,Álvaro Obregón,1970,1,,PARQUELAARBOLEDA2019@GMAIL.COM,,Fijo,"19,37903313","-99,21919815"
CENTRO DEPORTIVO VICTORIA DE LAS DEMOCRACIAS,ALCALDÍA AZCAPOTZALCO ,Centros de acondicionamiento físico del sector público,CALLE,TORONJIL,CALLE,MEZQUITE,CALLE,PIMIENTA,CALLE,FERROCARRIL CENTRAL,0,SN,,,0,,COLONIA,IGNACIO ALLENDE,,,,2810,,CIUDAD DE MÉXICO,,Azcapotzalco,,Azcapotzalco,,36,,,,Fijo,"19,46707747","-99,16296313"
CENTRO DEPORTIVO XOCHINAHUAC,GOBIERNO DEL DISTRITO FEDERAL ,Centros de acondicionamiento físico del sector público,CALLE,CANCAB,AVENIDA,FF. CC. NACIONALES,AVENIDA,MANZANA O EDIFICACION CONTIGUA,CALLE,AKAN,,SN,,,,,UNIDAD HABITACIONAL,SAN MARTÍN XOCHINAHUAC,,,,2110,,CIUDAD DE MÉXICO,,Azcapotzalco,,Azcapotzalco,,32,,,,Fijo,"19,50839693","-99,19199545"
DEPORTIVO RENOVACION NACIONAL,ALCALDÍA AZCAPOTZALCO ,Centros de acondicionamiento físico del sector público,CALLE,FRANCISCO SARABIA,AVENIDA,CALZADA DE LAS ARMAS,AVENIDA,MANUEL SALAZAR,CALLE,GENERAL LUCIO BLANCO,,SN,,,,,COLONIA,PROVIDENCIA,,,,2440,,CIUDAD DE MÉXICO,,Azcapotzalco,,Azcapotzalco,,15,5553474688,,,Fijo,"19,49078328","-99,21283223"
DEPORTIVO REYNOSA,ALCALDÍA AZCAPOTZALCO ,Centros de acondicionamiento físico del sector público,AVENIDA,SAN PABLO XALPA,EJE VIAL,5 NORTE (DEPORTIVO REYNOSA),CALLE,ROSARIO,CALLE,ROSARIO,0,SN,,,0,,COLONIA,SANTA BARBARA,,,,2230,,CIUDAD DE MÉXICO,,Azcapotzalco,,Azcapotzalco,,9,53825180,,,Fijo,"19,50147669","-99,18364677"
EL TRIANGULO DE LA AMISTAD,ALCALDÍA AZCAPOTZALCO ,Centros de acondicionamiento físico del sector público,CALLE,NORTE 67,CALLE,NINGUNO,CERRADA,NORTE 67,AVENIDA,CALZADA CAMARONES,0,SN,,,0,,COLONIA,OBRERO POPULAR,,,,2840,,CIUDAD DE MÉXICO,,Azcapotzalco,,Azcapotzalco,,1,,,,Fijo,"19,46488454","-99,17356818"
SALON DE ACTIVIDADES CULTURALES,SALON DE ACTIVIDADES CULTURALES DE LA UNIDAD HABITACIONAL PRESIDENTE MADERO ,Centros de acondicionamiento físico del sector público,CALLE,FEDERICO MONTES,CALLE,JUAN MANUEL TORREA,CALLE,TOMAS MARIN,CALLE,GUSTAVO GARMENDIA,,SN,,,,,COLONIA,UNIDAD PRESIDENTE MADERO,,,,2430,,CIUDAD DE MÉXICO,,Azcapotzalco,,Azcapotzalco,,5,5584131150,,,Fijo,"19,49582651","-99,20221151"
CENTRO CULTURAL Y RECREATIVO PARQUE TEZOZOMOC,ALCALDÍA AZCAPOTZALCO ,Parques de diversiones y temáticos del sector público,CALLE,HACIENDA SOTELO,CALLE,HACIENDA DEL ROSARIO,CALLE,ZEMPOALTECAS,AVENIDA,CALZADA DE LAS ARMAS,,SN,,,,,COLONIA,PRADOS DEL ROSARIO,,,,2420,,CIUDAD DE MÉXICO,,Azcapotzalco,,Azcapotzalco,,7,5553827209,,,Fijo,"19,50040382","-99,20618713"
CENTRO SOCIAL Y CULTURAL PARQUE DE ESTUDIANTE,ALCALDÍA AZCAPOTZALCO ,Parques de diversiones y temáticos del sector público,AVENIDA,MIGUEL HIDALGO,CALLE,ROSARIO,CALLE,PRIMERA CERRADA MIGUEL HIDALGO,CALLE,ROSARIO,0,SN,,,0,,PUEBLO,SANTA BARBARA,,,,2230,,CIUDAD DE MÉXICO,,Azcapotzalco,,Azcapotzalco,,34,,,,Fijo,"19,49374097","-99,17667758"
PARQUE 20 DE NOVIEMBRE LA ROSITA,ALCALDÍA AZCAPOTZALCO ,Parques de diversiones y temáticos del sector público,CALLE,CALZADA AZCAPOTZALCO LA VILLA,CALLE,4 DE AGOSTO,EJE VIAL,4 NORTE (CALZADA AZCAPOTZALCO-LA VILLA),AVENIDA,AVENIDA DE LAS GRANJAS,127,,,,,,COLONIA,SANTO TOMAS,,,,2020,,CIUDAD DE MÉXICO,,Azcapotzalco,,Azcapotzalco,,1,,,WWW.DEPORTIVO20DENOVIEMBRE,Fijo,"19,48788743","-99,17954598"
PARQUE DEPORTIVO CEYLAN,ALCALDÍA AZCAPOTZALCO ,Parques de diversiones y temáticos del sector público,CALLE,NORTE 45,CALLE,BOULEVARD DE LOS FERROCARRILES,CALLE,BOULEVARD DE LOS FERROCARRILES,CALLE,BOULEVARD DE LOS FERROCARRILES,,SN,,,,,COLONIA,EUZKADI,,,,2660,,CIUDAD DE MÉXICO,,Azcapotzalco,,Azcapotzalco,,23,,,,Fijo,"19,47800236","-99,1632644"
CENTRO RECREATIVO NIÑOS HEROES,DIF ,Centros de acondicionamiento físico del sector público,EJE VIAL,8 SUR (AVENIDA POPOCATEPETL),AVENIDA,PIRINEOS,CALLE,UXMAL,PRIVADA,TAJÍN,276,,,,,,COLONIA,SANTA CRUZ ATOYAC,,,,3310,,CIUDAD DE MÉXICO,,Benito Juárez,,Benito Juárez,,3,,,,Fijo,"19,3631769","-99,15896155"
COMPLEJO OLIMPICO MEXICO 68,ALCALDÍA BENITO JUÁREZ ,Centros de acondicionamiento físico del sector público,AVENIDA,DIVISION DEL NORTE,EJE VIAL,8 SUR (AVENIDA POPOCATEPETL),CIRCUITO,INTERIOR (AVENIDA RIO CHURUBUSCO),CALLE,RIF,2333,,,,0,,COLONIA,GENERAL PEDRO MARIA ANAYA,,,,3340,,CIUDAD DE MÉXICO,,Benito Juárez,,Benito Juárez,,3,5591833016,,,Fijo,"19,35834102","-99,15349661"
DEPORTIVO DE LA ALCALDÍA BENITO JUAREZ,DEPORTIVO DE LA ALCALDÍA BENITO JUAREZ ,Centros de acondicionamiento físico del sector público,EJE VIAL,7 SUR (MUNICIPIO LIBRE),EJE VIAL,1 PONIENTE (AVENIDA CUAUHTEMOC),CALLE,UXMAL,CALLE,MIGUEL LAURENT,,SN,,,,,COLONIA,SANTA CRUZ ATOYAC,,,,3310,,CIUDAD DE MÉXICO,,Benito Juárez,,Benito Juárez,,3,,,,Fijo,"19,37093771","-99,16003597"
DEPORTIVO GUMERCINDO ROMERO,ALCALDÍA BENITO JUÁREZ ,Clubes deportivos del sector público,CALLE,MONTE ALBAN,CALLE,CUICUILCO,CALLE,PILARES,CALLE,MOTOZINTLA,636,,,,,,COLONIA,LETRAN VALLE,,,,3650,,CIUDAD DE MÉXICO,,Benito Juárez,,Benito Juárez,,23,,,,Fijo,"19,37538771","-99,15331585"
DEPORTIVO JOAQUÍN CAPILLA,DEPORTIVO JOAQUÍN CAPILLA ALCALDÍA BENITO JUÁREZ ,Centros de acondicionamiento físico del sector público,CALLE,SANTIAGO REBULL,CALLE,NATAL PESADO,CALLE,MIGUEL CABRERA,CALLE,CHARCO AZUL,50,,,,,,COLONIA,MIXCOAC,,,,3910,,CIUDAD DE MÉXICO,,Benito Juárez,,Benito Juárez,,19,,,,Fijo,"19,37005252","-99,19044113"
DEPORTIVO TIRSO HERNANDEZ,GOBIERNO DE LA CDMX ,Clubes deportivos del sector público,CALLE,RIO BECERRA,CALLE,11 DE ABRIL,CALLE,LA BAYONETA,CALLE,BECERRA,,SN,,,,,COLONIA,8 DE AGOSTO,,,,3820,,CIUDAD DE MÉXICO,,Benito Juárez,,Benito Juárez,,22,5583056768,,,Fijo,"19,39490672","-99,18783536"
DEPORTIVO VICENTE SALDIVAR,ALCALDÍA BENITO JUAREZ ,Centros de acondicionamiento físico del sector público,CALLE,FERNANDO MONTES DE OCA,CALLE,ANTONIO RODRIGUEZ,CALLE,SAN SIMON,CALLE,MARIO ROJAS AVENDAÑO,286,,,,,,COLONIA,SAN SIMON TICUMAC,,,,3660,,CIUDAD DE MÉXICO,,Benito Juárez,,Benito Juárez,,37,,,WWW.POLIDEPOTIVOSOLUCIONES.COM.MX,Fijo,"19,37562304","-99,14412496"
ANEXO A DEL DEPORTIVO FRANCISCO J MUJICA,ALCALDÍA COYOACÁN ,Centros de acondicionamiento físico del sector público,CALLE,CANDELARIA PEREZ,CALZADA,CALZADA DE LAS BOMBAS,CALLE,NINGUNO,AVENIDA,CANAL NACIONAL,,SN,,,,,COLONIA,UNIDAD HAB OBRERO CTM CULHUACAN 9,,,,4909,,CIUDAD DE MÉXICO,,Coyoacán,,Coyoacán,,21,,,,Fijo,"19,31367531","-99,10082347"
CENTRO COMUNITARIAO CAFETALES ,ALCALDÍA COYOACÁN ,Centros de acondicionamiento físico del sector público,CALZADA,CALZADA DE LAS BOMBAS,ANDADOR,SIN REFERENCIA,CALLE,CAPITANA MANUELA MEDINA,CERRADA,NINGUNO,,SN,,,,,CONJUNTO HABITACIONAL,UNIDAD HABITACIONAL CULHUACAN CTM IX A,,,,4480,,CIUDAD DE MÉXICO,,Coyoacán,,Coyoacán,,1,,,,Fijo,"19,31027533","-99,10756723"
CENTRO CULTURAL Y RECREATIVO CULHUACANES,ALCALDÍA COYOACAN ,Centros de acondicionamiento físico del sector público,CALLE,ROSA MARIA SEQUEIRA,CALZADA,CALZADA DE LA VIRGEN,CALLE,MANUELA CAÑIZARES,ANDADOR,SIN REFERENCIA,,SN,,,,,COLONIA,CTM CULHUACAN SECC 18,,,,4480,,CIUDAD DE MÉXICO,,Coyoacán,,Coyoacán,,33,,,,Fijo,"19,32011641","-99,11951999"
CENTRO DEPORTIVO HUAYAMILPAS,DIRECCION DEL DEPORTE COYOACAN,Centros de acondicionamiento físico del sector público,CALLE,TERCERA CERRADA HUAYAMILPAS,ANDADOR,HUAYAMILPAS,CALLE,CORAS,CALLE,QUINTO CALLEJÓN HUAYAMILPAS,,SN,,,,1,COLONIA,ADOLFO RUIZ CORTINES,,,,4360,,CIUDAD DE MÉXICO,,Coyoacán,,Coyoacán,,48,,,,Fijo,"19,3268659","-99,1495505"
CENTRO SOCIAL DEPORTIVO IMSS,CENTRO SOCIAL DEPORTIVO IMSS ,Centros de acondicionamiento físico del sector público,CALLE,GENERAL ANAYA,CALLE,RAFAEL OLIVA,AVENIDA,LATERAL (AVENIDA RIO CHURUBUSCO),CALLE,20 DE AGOSTO,18,,,,,,COLONIA,SAN DIEGO CHURUBUSCO,,,,4120,,CIUDAD DE MÉXICO,,Coyoacán,,Coyoacán,,8,,,,Fijo,"19,35679517","-99,1460614"
CENTRO SOCIAL Y DEPORTIVO ROSARIO IGLESIAS ROCHA,INSTITUTO DEL DEPORTE DE LA CIUDAD DE MÉXICO ,Centros de acondicionamiento físico del sector público,CALZADA,CALZADA DEL HUESO,OTRO (ESPECIFIQUE),NINGUNO,CALLE,RANCHO DEL ARENAL,OTRO (ESPECIFIQUE),NINGUNO,400,,PARQUE RECREATIVO,PLANTA BAJA,,,COLONIA,LOS ROBLES,PARQUE RECREATIVO,SIN NOMBRE,400,4870,,CIUDAD DE MÉXICO,,Coyoacán,,Coyoacán,,25,5556849165,,,Fijo,"19,30269549","-99,12097383"
DEPORTIVO DURANGO,ALCALDÍA COYOACÁN ,Centros de acondicionamiento físico del sector público,CALLE,CALPULLI,CALLE,ITZCUINA,CALLE,CIHUACALLI,CALLE,TEOCALLI,,SN,,,,,COLONIA,ADOLFO RUIZ CORTINEZ,,,,4300,,CIUDAD DE MÉXICO,,Coyoacán,,Coyoacán,,11,5537493715,,,Fijo,"19,31765558","-99,15839701"
DEPORTIVO EMILIANO ZAPATA,ALCALDÍA COYOACÁN ,Centros de acondicionamiento físico del sector público,CALLE,SAN RAUL,CALLE,SAN LEON,CALLE,SAN CASTULO,CALLE,SAN ALBERTO,,SN,,,,,COLONIA,PEDREGAL DE SANTA URSULA,,,,4600,,CIUDAD DE MÉXICO,,Coyoacán,,Coyoacán,,20,,,,Fijo,"19,31276106","-99,14883669"
DEPORTIVO ESPARTACO,ALCALDÍA COYOACÁN ,Clubes deportivos del sector público,CALLE,8,CALLE,11,CALLE,7,CALLE,4,,SN,,,,,COLONIA,ESPARTACO,,,,4870,,CIUDAD DE MÉXICO,,Coyoacán,,Coyoacán,,7,,,,Fijo,"19,31774352","-99,13491593"
DEPORTIVO JOSE DE JESUS CLARK FLORES,ALCALDÍA COYOACÁN ,Centros de acondicionamiento físico del sector público,AVENIDA,SANTA ANA,CALLE,PIEDRA DEL SOL,CALZADA,CALZADA DE LA VIRGEN,CALZADA,CALZADA DE LA VIRGEN,15,,,,,SN,COLONIA,AVANTE,,,,4460,,CIUDAD DE MÉXICO,,Coyoacán,,Coyoacán,,28,,,,Fijo,"19,33011968","-99,13621194"
DEPORTIVO LA FRAGATA,ALCALDÍA COYOACÁN ,Clubes deportivos del sector público,CALLE,ABASOLO,CALLE,PARIS,CALLE,LONDRES,CALLE,GÓMEZ FARÍAS,123,,,,0,,COLONIA,DEL CARMEN,,,,4100,,CIUDAD DE MÉXICO,,Coyoacán,,Coyoacán,,2,5556584964,,,Fijo,"19,35497158","-99,16108746"
GIMNASIO AJUSCO,ALCALDÍA COYOACAN ,Centros de acondicionamiento físico del sector público,CALLE,NEZAHUALPILLI,CALLE,CORAS,CALLE,NINGUNO,CALLE,MOCTECUZOMA,22,SN,,,0,,COLONIA,PEDREGAL DE SANTA URSULA,,,,4600,,CIUDAD DE MÉXICO,,Coyoacán,,Coyoacán,,22,5556199577,,,Fijo,"19,31272356","-99,1622636"
GIMNASIO COYOACAN,ALCALDÍA COYOACÁN ,Centros de acondicionamiento físico del sector público,CALLE,NINGUNO,PRIVADA,NINGUNO,CALLE,AGUAYO,CALLE,MALINTZIN,0,SN,,,0,,COLONIA,DEL CARMEN,,,,4100,,CIUDAD DE MÉXICO,,Coyoacán,,Coyoacán,,24,,,,Fijo,"19,35129825","-99,16312012"
PARQUE DEPORTIVO FRANCISCO J. MUJÍCA,ALCALDÍA COYOACÁN ,Centros de acondicionamiento físico del sector público,AVENIDA,CANAL NACIONAL,CALLE,CANAL NACIONAL,AVENIDA,MANZANA O EDIFICACION CONTIGUA,AVENIDA,CANAL NACIONAL,,SN,,,,,COLONIA,CTM CULHUACAN,,,,4480,,CIUDAD DE MÉXICO,,Coyoacán,,Coyoacán,,30,,,,Fijo,"19,32462241","-99,10613016"
ALBERCA AURORA,ALCALDÍA COYOACÁN ,Parques acuáticos y balnearios del sector público,CALLE,PRESIDENTE VENUSTIANO CARRANZA,CALLE,CABALLO CALCO,CALLE,SAN FRANCISCO FIGURACO,CALLE,HIGUERA,54,,,,0,,BARRIO,DE LA CONCEPCION,,,,4020,,CIUDAD DE MÉXICO,,Coyoacán,,Coyoacán,,4,5556583055,,,Fijo,"19,34720565","-99,16174931"
ALBERCA EMILIANO ZAPATA,ALCALDÍA COYOACÁN ,Parques acuáticos y balnearios del sector público,CALLE,SAN RAUL,CALLE,SAN LEON,CALLE,SAN CASTULO,CALLE,SAN ALBERTO,,SN,,,,,COLONIA,PEDREGAL DE SANTA URSULA,,,,4600,,CIUDAD DE MÉXICO,,Coyoacán,,Coyoacán,,20,,,,Fijo,"19,31276037","-99,14883424"
PARQUE DE SANTA URSULA,ALCALDÍA COYOACÁN ,Parques de diversiones y temáticos del sector público,AVENIDA,AVENIDA DEL IMAN,OTRO (ESPECIFIQUE),NINGUNO,AVENIDA,ESTADIO AZTECA,PRIVADA,SAN BENITO,,SN,,,,,COLONIA,PUEBLO SANTA URSULA COAPA,,,,4660,,CIUDAD DE MÉXICO,,Coyoacán,,Coyoacán,,21,,,,Fijo,"19,30364695","-99,15932913"
PARQUE DE TETLAMEYA,ALCALDÍA COYOACÁN ,Parques de diversiones y temáticos del sector público,CALLE,LUIS MURILLO,CALLE,LEONARDO OLIVA,CALLE,LEONARDO OLIVA,CALLE,LEONARDO OLIVA,,SN,,,,,COLONIA,BOSQUES DE TETLAMEYA,,,,4730,,CIUDAD DE MÉXICO,,Coyoacán,,Coyoacán,,4,,,,Fijo,"19,30022208","-99,15254142"
PARQUE PILAULLI,ALCALDÍA COYOACÁN ,Parques de diversiones y temáticos del sector público,CALLE,ANENECUILCO,AVENIDA,CARMEN SERDAN,CALLE,TICOMAN,AVENIDA,CARMEN SERDÁN,0,SN,,,0,,COLONIA,UNIDAD HABITACIONAL EMILIANO ZAPATA,,,,4919,,CIUDAD DE MÉXICO,,Coyoacán,,Coyoacán,,27,,,,Fijo,"19,31642541","-99,10738708"
PARQUE RECREATIVO COPETE,ALCALDÍA COYOACÁN ,Parques de diversiones y temáticos del sector público,CALLE,DOCTOR ANTONIO DELFIN MADRIGAL,CALLE,PASO DE CU,AVENIDA,ANTONIO DELFIN MADRIGAL,CALLE,SIN REFERENCIA,,SN,,,,,COLONIA,PEDREGAL SANTO DOMINGO,,,,4369,,CIUDAD DE MÉXICO,,Coyoacán,,Coyoacán,,27,,,,Fijo,"19,32103549","-99,17268031"
"CANCHA DE FUTBOL, CASTILLO LEDON",GOBIERNO DE CUAJIMALPA DE MORELOS ,Centros de acondicionamiento físico del sector público,AVENIDA,JUAREZ,CERRADA,SEGUNDA DE JUAREZ,AVENIDA,MEXICO,CALLE,GUILLERMO PRIETO,,SN,,,,,COLONIA,CUAJIMALPA,,,,5000,,CIUDAD DE MÉXICO,,Cuajimalpa de Morelos,,Cuajimalpa de Morelos,,25,,,,Fijo,"19,3568243","-99,29891061"
CANCHA DEPORTIVA PALO ALTO,DIRECCION GENERAL DEL DEPORTE ALCALDIA CUAJIMALPA DE MORELOS ,Centros de acondicionamiento físico del sector público,CALLE,CERRADA PALO ALTO,CALLE,GRANJAS,ANDADOR,9,CALLE,PASEO DE LOS TAMARINDOS,0,SN,,,0,,COLONIA,GRANJAS PALO ALTO-BOSQUES DE LAS LOMAS,,,,5120,,CIUDAD DE MÉXICO,,Cuajimalpa de Morelos,,Cuajimalpa de Morelos,,60,,,,Fijo,"19,38401232","-99,25303598"
CANCHAS DE FUTBOL EL YAQUI,GOBIERNO ,Centros de acondicionamiento físico del sector público,CALLE,JUAN DE DIOS,CALLE,MOLINITO,CALLE,MIGUEL ROMERO,CALLE,CARLOS ECHÁNOVE,0,SN,,,0,SN,COLONIA,MEMETLA,,,,5320,,CIUDAD DE MÉXICO,,Cuajimalpa de Morelos,,Cuajimalpa de Morelos,,15,,,,Fijo,"19,36098327","-99,28628843"
CENTRO DE DESARROLLO SOCIAL EL HUIZACHITO,ALCALDIA CUAJIMALPA DE MORELOS ,Centros de acondicionamiento físico del sector público,PRIVADA,CAMINO A HUIZACHITO,CALLE,AVENIDA NOCHE DE PAZ,PRIVADA,HUIZAPANELA,CALLE,JULIÁN ADAME,,SN,,,,,COLONIA,HUIZACHITO,,,,5100,,CIUDAD DE MÉXICO,,Cuajimalpa de Morelos,,Cuajimalpa de Morelos,,39,,,,Fijo,"19,37105308","-99,28004974"
DEPORTIVO CHIMALPA,GOBIERNO DE LA CIUDAD DE MEXICO ,Centros de acondicionamiento físico del sector público,CALLE,CALZADA DEL TECNOLOGICO,AVENIDA,PUERTO MEXICO,CERRADA,NINGUNO,CALLE,CAÑADA,,SN,,,,,COLONIA,SAN PABLO CHIMALPA,,,,5050,,CIUDAD DE MÉXICO,,Cuajimalpa de Morelos,,Cuajimalpa de Morelos,,50,,,,Fijo,"19,35125994","-99,31560064"
DEPORTIVO MORELOS,ALCALDIA CUAJIMALPA DE MORELOS ,Centros de acondicionamiento físico del sector público,AVENIDA,JOSE MARIA CASTORENA,CALLE,SAN JOSE DE LOS CEDROS,CALLE,JULIAN ADAME,CALLE,LA TABIQUERA,,SN,,,,,COLONIA,MOLINITO,,,,5010,,CIUDAD DE MÉXICO,,Cuajimalpa de Morelos,,Cuajimalpa de Morelos,,8,5558122579,,,Fijo,"19,3641233","-99,28514001"
DEPORTIVO TINAJAS,ALCALDIA DE CUAJIMALPA ,Centros de acondicionamiento físico del sector público,CALLE,CALLEJON JUSTO SIERRA,CALLE,PROLONGACION JUAREZ,CERRADA,CALLEJON JUSTO SIERRA,CALLE,PROLONGACIÓN 16 DE SEPTIEMBRE,20,,,,,,COLONIA,LOMAS DEL OCOTE,,,,5370,,CIUDAD DE MÉXICO,,Cuajimalpa de Morelos,,Cuajimalpa de Morelos,,17,,,,Fijo,"19,35097607","-99,28524298"
LIGA DEPORTIVA CUAJIMALPA-PALOALTO,DIRECCION GENERAL DEL DEPORTE ALCALDIA CUAJIMALPA DE MORELOS ,Clubes deportivos del sector público,CALLE,CERRADA DE PALO ALTO,CALLE,GRANJAS,ANDADOR,9,CALLE,PASEO DE LOS TAMARINDOS,0,SN,,,0,,COLONIA,GRANJAS PALO ALTO-BOSQUES DE LAS LOMAS,,,,5120,,CIUDAD DE MÉXICO,,Cuajimalpa de Morelos,,Cuajimalpa de Morelos,,60,,,,Fijo,"19,38401462","-99,25303125"
CENTRO DEPORTIVO ESTADO DE TABASCO,ALCALDÍA CUAUHTÉMOC ,Centros de acondicionamiento físico del sector público,CALLE,PIETRO MASCAGNI,CALLE,FLORENCIO CONSTANTINO,CALLE,RICHARD WAGNER,CALLE,FRANCOIS GOUNOD,49,,,,,,COLONIA,EX HIPODROMO DE PERALVILLO,,,,6250,,CIUDAD DE MÉXICO,,Cuauhtémoc,,Cuauhtémoc,,12,,,,Fijo,"19,45658069","-99,13261992"
CENTRO SOCIAL Y DEPORTIVO ANTONIO CASO,ALCALDÍA CUAUHTÉMOC ,Centros de acondicionamiento físico del sector público,AVENIDA,PASEO DE LA REFORMA,AVENIDA,RICARDO FLORES MAGON,EJE VIAL,2 NORTE (MANUEL GONZALEZ),AVENIDA,RICARDO FLORES MAGÓN,680,,,,,,COLONIA,TLATELOLCO TERCERA SECCION,,,,6900,,CIUDAD DE MÉXICO,,Cuauhtémoc,,Cuauhtémoc,,8,,,,Fijo,"19,45095791","-99,13389791"
CENTRO URBANO PRESIDENTE JUAREZ,ALCALDÍA CUAUHTÉMOC ,Centros de acondicionamiento físico del sector público,CALLE,HUATABAMPO,CALLE,TOLUCA,CALLE,TONALA,CALLE,TONALÁ,0,SN,,,0,,COLONIA,ROMA SUR,,,,6760,,CIUDAD DE MÉXICO,,Cuauhtémoc,,Cuauhtémoc,,1,,,,Fijo,"19,40740605","-99,157256"
DEPORTIVO 5 DE MAYO,ALCALDÍA CUAUHTÉMOC ,Centros de acondicionamiento físico del sector público,AVENIDA,RICARDO FLORES MAGON,EJE VIAL,1 PONIENTE (GUERRERO),CALLE,LERDO,EJE VIAL,2 NORTE (MANUEL GONZÁLEZ),286,,,,,,CONJUNTO HABITACIONAL,NONOALCO TLATELOLCO,,,,6900,,CIUDAD DE MÉXICO,,Cuauhtémoc,,Cuauhtémoc,,2,,,,Fijo,"19,45395473","-99,14292235"
DEPORTIVO BICENTENARIO,ALCALDÍA CUAUHTÉMOC ,Centros de acondicionamiento físico del sector público,EJE VIAL,3 SUR (DOCTOR IGNACIO MORONES PRIETO),CALLE,RENACIMIENTO,CALLE,DOCTOR BARRAGAN,CALLE,DOCTOR GILBERTO BOLAÑOS CACHO,56,,,,,,COLONIA,CUAHUTEMOC,,,,6780,,CIUDAD DE MÉXICO,,Cuauhtémoc,,Cuauhtémoc,,10,,DEPORTIVOBICENTENARIO@0UTLOOK.COM,ALCADIACUAUHTÉMOC.COM,Fijo,"19,40689221","-99,14737627"
DEPORTIVO CUAUHTÉMOC,ALCALDÍA CUAUHTÉMOC ,Centros de acondicionamiento físico del sector público,CALLE,LUIS DONALDO COLOSIO,CALLE,JESUS GARCIA,CALLE,JUAN ALDAMA,CALLE,CARLOS J. MENESES,,SN,,,,,COLONIA,BUENAVISTA,,,,6350,,CIUDAD DE MÉXICO,,Cuauhtémoc,,Cuauhtémoc,,9,,,,Fijo,"19,44231942","-99,15116468"
DEPORTIVO GUELATAO,ALCALDÍA CUAUHTÉMOC ,Clubes deportivos del sector público,CALLE,REPUBLICA DE HONDURAS,CALLE,PLAZA COMONFORT,CALLE,PLAZA COMONFORT,CALLE,PLAZA COMONFORT,0,SN,GUELATAO,PISO 2,0,,COLONIA,CENTRO (ÁREA 3),OTRO CONGLOMERADO,GUELATAO,SN,6020,,CIUDAD DE MÉXICO,,Cuauhtémoc,,Cuauhtémoc,,12,,,,Fijo,"19,44082933","-99,13574998"
DEPORTIVO JOSE MARIA MORELOS Y PAVON,ALCALDÍA CUAUHTÉMOC ,Centros de acondicionamiento físico del sector público,CALLE,RIVERO,AVENIDA,PERALVILLO,CALLE,JESUS CARRANZA,CALLE,MATAMOROS,21,,,,,,COLONIA,MORELOS,,,,6200,,CIUDAD DE MÉXICO,,Cuauhtémoc,,Cuauhtémoc,,9,,,,Fijo,"19,44840434","-99,13157203"
DEPORTIVO PEÑOLES,ALCALDÍA CUAUHTÉMOC ,Centros de acondicionamiento físico del sector público,CALZADA,CALZADA DE GUADALUPE,CALLE,PLOMO,PEATONAL,TELURO,CALZADA,CALZADA DE GUADALUPE,125,,,,,,CIUDAD,VALLE GOMEZ,,,,6240,,CIUDAD DE MÉXICO,,Cuauhtémoc,,Cuauhtémoc,,6,5543358000,,,Fijo,"19,45866132","-99,12724022"
DEPORTIVO TEPITO,ALCALDÍA CUAUHTÉMOC ,Centros de acondicionamiento físico del sector público,CALLE,TOLTECAS,CALLE,CARIDAD,CALLE,LA RINCONADA,CALLE,LA RINCONADA,3,,,,,,COLONIA,MORELOS,,,,6200,,CIUDAD DE MÉXICO,,Cuauhtémoc,,Cuauhtémoc,,4,5543358208,,,Fijo,"19,44562892","-99,12788191"
ADMINISTRACION DE DEPORTIVO GERTRUDIS SANCHEZ,ADMINISTRACION ,Centros de acondicionamiento físico del sector público,CALLE,NORTE 94,EJE VIAL,3 NORTE (ÁNGEL ALBINO CORZO-ORIENTE 101),EJE VIAL,4 NORTE (AVENIDA TALISMAN),AVENIDA,GRAN CANAL,,SN,EDIFICIO SIN NOMBRE,PLANTA BAJA,,,COLONIA,U. H. SAN JUAN DE ARAGON 1RA SECC,,,,7839,,CIUDAD DE MÉXICO,,Gustavo A. Madero,,Gustavo A. Madero,,4,,,,Fijo,"19,46266975","-99,09783697"
AMPLIACION DEL MODULO DE PARTICIPACION CIUDADANA DE GAM 14,GDF9712054NA GOBIERNO DE LA CIUDAD DE MEXICO ,Centros de acondicionamiento físico del sector público,CALLE,GUINEAS,CALLE,CAIRO,CIRCUITO,INTERIOR (AVENIDA RIO CONSULADO),CALLE,CAIRO,,SN,,,,,COLONIA,FERNANDO CASAS ALEMAN,,,,7960,,CIUDAD DE MÉXICO,,Gustavo A. Madero,,Gustavo A. Madero,,9,,,,Fijo,"19,45126573","-99,09702764"
CANCHA DE BASQUETBOL Y FITNESS,ALCALDÍA GAM,Centros de acondicionamiento físico del sector público,CALLE,JESUS DIAZ LEON,CALLE,EVA SAMANO DE LOPEZ MATEOS,AVENIDA,PERIFERICO,PRIVADA,SAN JUANICO,0,SN,,,0,,COLONIA,AMPLIACION GABRIEL HERNANDEZ,,,,7080,,CIUDAD DE MÉXICO,,Gustavo A. Madero,,Gustavo A. Madero,,1,,,,Fijo,"19,50716483","-99,10527537"
CENTRO DE ACONDICIONAMIENTO FISICO,ALCALDÍA GAM,Centros de acondicionamiento físico del sector público,AVENIDA,FERNANDO AMILPA,CALLE,AVENIDA FERNANDO AMILPA,AVENIDA,FERNANDO AMILPA,CALLE,ATILANO MORALES,80,,,,,,UNIDAD HABITACIONAL,C T M ATZACOALCO,,,,7090,,CIUDAD DE MÉXICO,,Gustavo A. Madero,,Gustavo A. Madero,,22,,,,Fijo,"19,50895358","-99,10018019"
CENTRO DE RECREACION Y DEPORTIVO SANTA ISABEL TOLA GDF,ALCALDÍA GAM,Clubes deportivos del sector público,CALLE,AXAYACATL,AVENIDA,ACUEDUCTO DE GUADALUPE,AVENIDA,HUITZILIHUITL (LAS TORRES),CALLE,AXAYÁCATL,,SN,,,,,COLONIA,SANTA ISABEL TOLA,,,,7010,,CIUDAD DE MÉXICO,,Gustavo A. Madero,,Gustavo A. Madero,,1,,,,Fijo,"19,49641008","-99,11381183"
CENTRO DEPORTIVO MIGUEL HIDALGO Y COSTILLA,ALCALDÍA GAM,Centros de acondicionamiento físico del sector público,CALLE,AVENIDA 517,AVENIDA,508,CALLE,SEGUNDA CERRADA AVENIDA 517,CALLE,AVENIDA 521,143,,,,,,COLONIA,SAN JUAN DE ARAGON I SECCIÓN,,,,7969,,CIUDAD DE MÉXICO,,Gustavo A. Madero,,Gustavo A. Madero,,20,5539199922,DEPORTIVOMIGUELHIDALGO@LIVE.COM.MX,,Fijo,"19,46078355","-99,09186614"
CENTRO DEPORTIVO ROSENDO ARNAIZ,ALCALDÍA GAM,Centros de acondicionamiento físico del sector público,CALLE,MARTHA,CALLE,HENRY FORD,CALLE,SAUL,CALLE,OTILIA,181,,,,,,COLONIA,GUADALUPE TEPEYAC,,,,7840,,CIUDAD DE MÉXICO,,Gustavo A. Madero,,Gustavo A. Madero,,26,,,,Fijo,"19,46952682","-99,11834182"
CENTRO DEPORTIVO ZONAL 3 BICENTENARIO,ALCALDÍA GUSTAVO A MADERO ,Centros de acondicionamiento físico del sector público,PROLONGACION,CAMINO PARQUE CENTRAL,CALLE,CAMINO DE LA SECRETARIA,CALLE,NORTE 94-A,OTRO (ESPECIFIQUE),NINGUNO,,SN,,,,,COLONIA,EL MILAGRO,,,,7530,,CIUDAD DE MÉXICO,,Gustavo A. Madero,,Gustavo A. Madero,,53,5557377534,,,Fijo,"19,48740073","-99,08342947"
CETED CENTRO TECNICO  DEPORTIVO,ALCALDÍA GUSTAVO A MADERO ,Centros de acondicionamiento físico del sector público,CALLE,ANGANGUEO,CALLE,IXCATEOPAN,CALLE,APATZINGAN,AVENIDA,DOLORES HIDALGO,2273,SN,,,,,COLONIA,SAN FELIPE DE JESUS,,,,7510,,CIUDAD DE MÉXICO,,Gustavo A. Madero,,Gustavo A. Madero,,8,,,,Fijo,"19,49242102","-99,07785489"
DEPORTIVO BINGUIÑEROS,ALCALDÍA GUSTAVO A. MADERO ,Centros de acondicionamiento físico del sector público,CALLE,BINGUINEROS,AVENIDA,NINGUNO,CERRADA,SEGUNDA BINGUINEROS,OTRO (ESPECIFIQUE),NINGUNO,,SN,,,,,COLONIA,AMPLIACION MALACATES,,,,7119,,CIUDAD DE MÉXICO,,Gustavo A. Madero,,Gustavo A. Madero,,29,,,,Fijo,"19,57928239","-99,13023807"
DEPORTIVO BONDOJITO,ALCALDÍA GUSTAVO A MADERO ,Centros de acondicionamiento físico del sector público,CALLE,NORTE 74-A,CALLE,HENRY FORD,AVENIDA,VICTORIA ORIENTE,CALLE,NORTE 72-A,,SN,,,,,COLONIA,AMPL EMILIANO ZAPATA,,,,7850,,CIUDAD DE MÉXICO,,Gustavo A. Madero,,Gustavo A. Madero,,13,,,,Fijo,"19,46436546","-99,10570735"
DEPORTIVO CARMEN SERDAN,ALCALDÍA GAM,Centros de acondicionamiento físico del sector público,CALLE,ESTADO DE MEXICO,CALLE,NINGUNO,CALLE,MORELOS,CALLE,NINGUNO,200,,,,,,COLONIA,LOMA LA PALMA,,,,7160,,CIUDAD DE MÉXICO,,Gustavo A. Madero,,Gustavo A. Madero,,27,51182800,,,Fijo,"19,55077677","-99,14832618"
DEPORTIVO FRANCISCO ZARCO,ALCALDÍA GAM,Centros de acondicionamiento físico del sector público,AVENIDA,503,EJE VIAL,3 NORTE (ÁNGEL ALBINO CORZO-ORIENTE 101),EJE VIAL,4 NORTE (AVENIDA 510),AVENIDA,503,,SN,EDIFICIO SIN NOMBRE,PLANTA BAJA,,,COLONIA,SAN JUAN DE ARAGON 1RA SECC,,,,7839,,CIUDAD DE MÉXICO,,Gustavo A. Madero,,Gustavo A. Madero,,1,5557601219,,,Fijo,"19,46301751","-99,09477981"
DEPORTIVO JOSE HUITLACOCHE MENDEL II,ALCALDÍA GAM,Centros de acondicionamiento físico del sector público,AVENIDA,RIO DE LOS REMEDIOS,CALLE,ANILLO PERIFERICO NORTE,CALLE,SIN REFERENCIA,CALLE,URANIO,,SN,,,,,COLONIA,PROGRESO NACIONAL,,,,7600,,CIUDAD DE MÉXICO,,Gustavo A. Madero,,Gustavo A. Madero,,43,5553670029,,,Fijo,"19,51865933","-99,14677139"
DEPORTIVO JOSE HUTLACOCHE MEDEL,ALCALDÍA GAM,Centros de acondicionamiento físico del sector público,AVENIDA,RIO DE LOS REMEDIOS,CALLE,18,CALLE,17,CALLE,TRES ANEGAS,90,,,,,,COLONIA,AMPLIACION PROGRESO NACIONAL,,,,7650,,CIUDAD DE MÉXICO,,Gustavo A. Madero,,Gustavo A. Madero,,16,555553670029,,,Fijo,"19,51485808","-99,15786705"
DEPORTIVO JUVENTINO ROSAS,ALCALDÍA GAM,Centros de acondicionamiento físico del sector público,AVENIDA,JUVENTINO ROSAS (VENUSTIANO CARRANZA),CALLE,ESCUELA SECUNDARIA 160,CALLE,FRANCISCO VILLA,CALLE,PEÑA GORDA,0,SN,,,0,SN,COLONIA,VALLE DE MADERO,,,,7190,,CIUDAD DE MÉXICO,,Gustavo A. Madero,,Gustavo A. Madero,,13,,,,Fijo,"19,55205361","-99,13668502"
DEPORTIVO MANUEL M PONCE,ALCALDÍA GAM,Clubes deportivos del sector público,CALLE,SANTIAGO DE CHILE,CALLE,PUERTO BARACOS,CALLE,VIÑA DEL MAR,CALLE,MARACAY,,SN,,,,,COLONIA,RESIDENCIAL ZACATENCO,,,,7369,,CIUDAD DE MÉXICO,,Gustavo A. Madero,,Gustavo A. Madero,,20,5557528957,,,Fijo,"19,50702522","-99,12318805"
DEPORTIVO MARGARITA MAZA DE JUAREZ,ALCALDÍA GUSTAVO A MADERO ,Centros de acondicionamiento físico del sector público,CALLE,MARGARITA MAZA DE JUAREZ,AVENIDA,SIN REFERENCIA,CALLE,NINGUNO,CALLE,NINGUNO,,SN,,,,,COLONIA,MARGARITA MAZA DE JUAREZ,,,,7700,,CIUDAD DE MÉXICO,,Gustavo A. Madero,,Gustavo A. Madero,,1,5553897202,,,Fijo,"19,5069964","-99,15505526"
DEPORTIVO MIGUEL ALEMAN,ALCALDÍA GUSTAVO A MADERO ,Clubes deportivos del sector público,CALLE,LINDAVISTA,CALLE,LIMA,CALLE,MATANZAS,CALLE,BUENAVISTA,,SN,,,,,COLONIA,LINDAVISTA,,,,7300,,CIUDAD DE MÉXICO,,Gustavo A. Madero,,Gustavo A. Madero,,5,,,,Fijo,"19,49430183","-99,12778424"
DEPORTIVO NICOLAS BRAVO,ALCALDÍA GAM,Centros de acondicionamiento físico del sector público,CALLE,ARTES,CALLE,GENERAL BUSTAMANTE,CALLE,JUAN DIEGO,ANDADOR,LÓPEZ MATEOS,,SN,,,,,COLONIA,MARTIN CARRERA,,,,7060,,CIUDAD DE MÉXICO,,Gustavo A. Madero,,Gustavo A. Madero,,2,,,,Fijo,"19,49142826","-99,10651646"
DEPORTIVO TOKIO,ALCALDÍA GUSTAVO A. MADERO ,Centros de acondicionamiento físico del sector público,CALLE,TOKIO,CALLE,SAN ÁNGEL,CALLE,PRIMAVERA,CALLE,NINGUNO,,SN,,,,,COLONIA,MALACATES,,,,7119,,CIUDAD DE MÉXICO,,Gustavo A. Madero,,Gustavo A. Madero,,23,,,,Fijo,"19,57629283","-99,13488145"
GIMNASIO DE LA CIUDAD DE MEXICO GUSTAVO A. MADERO,ALCALDÍA GAM,Clubes deportivos del sector público,CALLE,18 DE MARZO,CALLE,LICENCIADO ADOLFO LOPEZ MATEOS,CALLE,NINGUNO,CALLE,MORELOS,,SN,,,,,COLONIA,LOMA LA PALMA,,,,7160,,CIUDAD DE MÉXICO,,Gustavo A. Madero,,Gustavo A. Madero,,27,,,,Fijo,"19,55144688","-99,14544486"
GIMNASIO NUEVA ATZACOALCO,ALCALDÍA GAM,Centros de acondicionamiento físico del sector público,CALLE,314,EJE VIAL,3 ORIENTE (AVENIDA INGENIERO EDUARDO MOLINA),EJE VIAL,3 ORIENTE (AVENIDA INGENIERO EDUARDO MOLINA),EJE VIAL,3 ORIENTE (AVENIDA INGENIERO EDUARDO MOLINA),,SN,,,,,COLONIA,JUAN GONZALEZ ROMERO,,,,7410,,CIUDAD DE MÉXICO,,Gustavo A. Madero,,Gustavo A. Madero,,38,,,,Fijo,"19,50219201","-99,08805862"
MODULO DE BIENESTAR SOCIAL NUEVOS HORIZONTES,GOBIERNO DE LA CIUDAD DE MEXICO ,Centros de acondicionamiento físico del sector público,CALLE,CERRADA ORIENTE 157,CALLE,MANUEL BUENROSTRO,CALLE,SIN REFERENCIA,CALLE,MANUEL BUENROSTRO,,SN,,,,,UNIDAD HABITACIONAL,EDUARDO MOLINA II,,,,7458,,CIUDAD DE MÉXICO,,Gustavo A. Madero,,Gustavo A. Madero,,1,,,,Fijo,"19,48341342","-99,09162693"
MODULO DE COMITE DE PARTICIPACION CIUDADANA,GOBIERNO CDMX ,Centros de acondicionamiento físico del sector público,CALLE,GUTY CARDENAS,CALLE,CONSUELO VELAZQUEZ,CALLE,FOLKLORICOS MEXICANOS,CALLE,MARIO MORENO,,SN,,,,,COLONIA,COMPOSITORES MEXICANOS,,,,7130,,CIUDAD DE MÉXICO,,Gustavo A. Madero,,Gustavo A. Madero,,42,,,,Fijo,"19,5666167","-99,1396036"
MODULO DEPORTIVO 100 METROS LAZARO CARDENAS AREA INFANTIL,ALCALDÍA GAM,Centros de acondicionamiento físico del sector público,CALLE,JUPITER,AVENIDA,CENTRAL,EJE VIAL,CENTRAL (LAZARO CARDENAS),CALLE,URANIO,,SN,,,,,COLONIA,NUEVA INDUSTRIAL VALLEJO,,,,7700,,CIUDAD DE MÉXICO,,Gustavo A. Madero,,Gustavo A. Madero,,4,,,,Fijo,"19,51171383","-99,15243686"
NUEVOS HORIZONTES,ASOCIACION NACIONAL DE AYUDA MUTUA DE TRABAJADORES JUBILADOS Y PENSIONADOS DEL IMSS AC,Centros de acondicionamiento físico del sector público,CALLE,RIOBAMBA,CALLE,LICENCIADO JOSE URBANO FONSECA,EJE VIAL,4 NORTE (AVENIDA FORTUNA),EJE VIAL,4 NORTE (AVENIDA FORTUNA),624,,,,0,,COLONIA,LINDAVISTA SUR,,,,7300,,CIUDAD DE MÉXICO,,Gustavo A. Madero,,Gustavo A. Madero,,10,5557473500,NACIONALNUEVOSHORIZONTES@HOTMAIL.COM,WWW.ASOCIACINDEJUBILADOSNUEVOSHORIZONTES,Fijo,"19,48194861","-99,13251932"
OFICINA ADMINISTRATIVA DEL DEPORTIVO HERMANOS GALEANA DE LA GUSTAVO A MADERO,ALCALDÍA GAM,Clubes deportivos del sector público,AVENIDA,JOSE LORETO FABELA,AVENIDA,416,AVENIDA,FRANCISCO MORAZAN,AVENIDA,416,,SN,,,,,COLONIA,SAN JUAN DE ARAGÓN VII SECCIÓN,,,,7910,,CIUDAD DE MÉXICO,,Gustavo A. Madero,,Gustavo A. Madero,,1,26517063,,,Fijo,"19,47427006","-99,07886249"
UNIDAD DEPORTIVA BENITO JUAREZ,ALCALDÍA GAM,Clubes deportivos del sector público,AVENIDA,INSTITUTO POLITECNICO NACIONAL,CALLE,LICENCIADO JOSE URBANO FONSECA,EJE VIAL,4 NORTE (AVENIDA FORTUNA),CALLE,RIOBAMBA,1601,,,,,,COLONIA,LINDAVISTA SUR,,,,7300,,CIUDAD DE MÉXICO,,Gustavo A. Madero,,Gustavo A. Madero,,10,,,,Fijo,"19,48381204","-99,13469991"
DIRECCION DE GESTION DEL BOSQUE SAN JUAN DE ARAGON,GOBIERNO DE LA CIUDAD DE MEXICO ,Parques de diversiones y temáticos del sector público,EJE VIAL,4 NORTE (AVENIDA 510),AVENIDA,JOSE LORETO FABELA,EJE VIAL,5 NORTE (AVENIDA 412),AVENIDA,508,,SN,PARQUE RECREATIVO,PLANTA BAJA,,,OTRO (ESPECIFIQUE),SAN JUAN DE ARAGON EJIDOS 2DA SECC,PARQUE RECREATIVO,BOSQUE DE ARAGON,SN,7979,,CIUDAD DE MÉXICO,,Gustavo A. Madero,,Gustavo A. Madero,,1,,DBSJA.SMA@GMAIL.COM,WWW.SEDEMA.CDMX.GOB.MX,Fijo,"19,46361791","-99,07864133"
EL CANTIL,ALCALDÍA GAM,Parques de diversiones y temáticos del sector público,CALLE,RIO SAN JAVIER,AVENIDA,ACUEDUCTO,CALLE,RIO SAN JAVIER,AVENIDA,ACUEDUCTO,0,SN,,,0,,COLONIA,CANDELARIA TICOMAN,,,,7310,,CIUDAD DE MÉXICO,,Gustavo A. Madero,,Gustavo A. Madero,,18,,,,Fijo,"19,51873362","-99,14259709"
PARQUE EL SAPO,GAM PARQUE EL SAPO ,Parques de diversiones y temáticos del sector público,CALLE,BUGAMBILIA,CALLE,MARGARITAS,AVENIDA,CENTENARIO,CALLE,MARGARITAS,0,SN,,,,,COLONIA,JUAN GONZALEZ ROMERO,,,,7410,,CIUDAD DE MÉXICO,,Gustavo A. Madero,,Gustavo A. Madero,,35,,,,Fijo,"19,50824492","-99,09081188"
PARQUE NACIONAL DEL TEPEYAC,GOBIERNO ,Parques de diversiones y temáticos del sector público,CALLE,NINGUNO,AVENIDA,HUITZILIHUITL,CALLE,CHICHINANTLA,CALLE,PABLO LIVA (CABO BUENA ESPERANZA),,SN,,,,,COLONIA,AMPLIACION GABRIEL HERNANDEZ,,,,7010,,CIUDAD DE MÉXICO,,Gustavo A. Madero,,Gustavo A. Madero,,20,,,,Fijo,"19,50451567","-99,1090374"
PARQUE RECREATIVO JUSTICIA SOCIAL,ALCALDÍA GUSTAVO A. MADERO ,Parques de diversiones y temáticos del sector público,AVENIDA,GRAN CANAL,CALLE,PUERTO SALINA CRUZ,EJE VIAL,5 NORTE (CALZADA SAN JUAN DE ARAGON),AVENIDA,GRAN CANAL DEL DESAGÜE,,SN,,,,,COLONIA,CASAS ALEMAN,,,,7580,,CIUDAD DE MÉXICO,,Gustavo A. Madero,,Gustavo A. Madero,,28,,,,Fijo,"19,47832331","-99,08982642"
CENTRO DE DESARROLLO DEPORTIVO,ALCALDÍA IZTACALCO ,Centros de acondicionamiento físico del sector público,VIADUCTO,RIO DE LA PIEDAD,CALLE,ORIENTE 217,CIRCUITO,INTERIOR (AVENIDA RIO CHURUBUSCO),EJE VIAL,4 ORIENTE (RÍO CHURUBUSCO),,SN,,,,,COLONIA,UNIDAD DEPORTIVA MAGDALENA MIXHUCA,,,,15020,,CIUDAD DE MÉXICO,,Iztacalco,,Iztacalco,,1,56486308,,,Fijo,"19,4082337","-99,09128332"
CENTRO SOCIAL Y DEPORTIVO COYUYA,ALCALDÍA IZTACALCO ,Centros de acondicionamiento físico del sector público,CALLE,COYUYA,VIADUCTO,RIO DE LA PIEDAD,CALLE,MIGUEL HIDALGO,CALLE,TERRAPLÉN RÍO FRÍO,10,,PARQUE RECREATIVO,PLANTA BAJA,,,COLONIA,LA CRUZ,PARQUE RECREATIVO,DEPORTIVO,10,8310,,CIUDAD DE MÉXICO,,Iztacalco,,Iztacalco,,13,5556502566,,,Fijo,"19,40445005","-99,11980051"
CENTRO SOCIAL Y DEPORTIVO EL RECREO,ALCALDÍA IZTACALCO ,Centros de acondicionamiento físico del sector público,CALLE,SUR 115,CALLE,ORIENTE 110,AVENIDA,RECREO,CALLE,SUR 113-B,0,SN,,,0,,COLONIA,JUVENTINO ROSAS,,,,8700,,CIUDAD DE MÉXICO,,Iztacalco,,Iztacalco,,14,5556484075,,,Fijo,"19,39387136","-99,10730539"
CENTRO SOCIAL Y DEPORTIVO FORTALEZA,ALCALDÍA IZTACALCO ,Centros de acondicionamiento físico del sector público,CALLE,ORIENTE 116,CALLE,PUENTE ZACATE,CALLE,PUENTE JUAN CARBONERO,CALLE,ORIENTE 110,0,SN,,,0,,COLONIA,GABRIEL RAMOSMILLAN,,,,8000,,CIUDAD DE MÉXICO,,Iztacalco,,Iztacalco,,12,,,,Fijo,"19,38771208","-99,09182602"
CENTRO SOCIAL Y DEPORTIVO GRANJAS MEXICO,ALCALDÍA IZTACALCO ,Centros de acondicionamiento físico del sector público,CALLE,CHICLE,EJE VIAL,4 SUR (PRESIDENTE PLUTARCO ELIAS CALLES),CALLE,CANELA,CALLE,CHICLE,0,SN,,,0,,COLONIA,GRANJAS MEXICO,,,,8400,,CIUDAD DE MÉXICO,,Iztacalco,,Iztacalco,,16,,,,Fijo,"19,39805899","-99,10594781"
CENTRO SOCIAL Y DEPORTIVO JARDINES TECMA,ALCALDIA IZTACALCO ,Clubes deportivos del sector público,CALLE,CANAL DE TEZONTLE,CALLE,ESTUDIOS CLASA,CALLE,ESTUDIOS STHAL,CALLE,TÉCNICOS Y MANUALES,,SN,,,,,COLONIA,JARDINES TECMA,,,,8920,,CIUDAD DE MÉXICO,,Iztacalco,,Iztacalco,,2,,,,Fijo,"19,38847047","-99,11590069"
CENTRO SOCIAL Y DEPORTIVO PARQUE PANTITLAN,CENTRO SOCIAL Y DEPORTIVO PARQUE PANTITLAN ,Centros de acondicionamiento físico del sector público,CALLE,6,CALLE,UNION,CALLE,G. NAVARRO,CALLE,LAMANAL,0,SN,EDIFICIO SIN NOMBRE,PISO 1,0,,COLONIA,AGRICOLA PANTITLAN,,,,8100,,CIUDAD DE MÉXICO,,Iztacalco,,Iztacalco,,10,,,,Fijo,"19,4150984","-99,0585197"
CENTRO SOCIAL Y DEPORTIVO RECREO,ALCALDÍA IZTACALCO ,Centros de acondicionamiento físico del sector público,CALLE,SUR 115,CALLE,ORIENTE 110,AVENIDA,RECREO,CALLE,SUR 115-A,,SN,,,,,COLONIA,JUVENTINO ROSAS,,,,8700,,CIUDAD DE MÉXICO,,Iztacalco,,Iztacalco,,8,,,,Fijo,"19,39386454","-99,1072201"
CENTRO SOCIAL Y DEPORTIVO UNIDAD VECINAL,ALCALDÍA IZTACALCO ,Centros de acondicionamiento físico del sector público,CALLE,CERRADA SEGUNDA SUR 77,CALLE,SUR 75,CALLE,SUR 77,CALLE,CERRADA PRIMERA SUR 77,,SN,,,,,COLONIA,NUEVA SANTA ANITA,,,,9820,,CIUDAD DE MÉXICO,,Iztacalco,,Iztacalco,,6,5528925964,,,Fijo,"19,39972564","-99,1274241"
CIUDAD DEPORTIVA MAGDALENA MIXHIUCA,ALCALDÍA IZTACALCO ,Centro de acondicionamiento físico del sector público,VIADUCTO,RIO DE LA PIEDAD,CALLE,ORIENTE 217,CIRCUITO,INTERIOR (AVENIDA RIO CHURUBUSCO),EJE VIAL,ORIENTE,SN,SN,,,,,COLONIA,GRANJAS MEXICO,,,,8400,,CIUDAD DE MÉXICO,,Iztacalco,,Iztacalco,,1,,,,Fijo,"19,40802","-99,0926822"
DEPORTIVO SAN PEDRO,ALCALDÍA IZTACALCO ,Clubes deportivos del sector público,AVENIDA,AMACUZAC,CALLE,JESUS URUETA,CALLE,RAMON Y CAJAL,CALLE,CUAUHTÉMOC,,SN,,,,,BARRIO,SAN PEDRO,,,,8220,,CIUDAD DE MÉXICO,,Iztacalco,,Iztacalco,,7,,,,Fijo,"19,39305047","-99,12695704"
JARDIN FAMILIAR LEOPOLDO ENSASTIGA SANTIAGO,ALCALDÍA IZTACALCO ,Centros de acondicionamiento físico del sector público,CALLE,SIN REFERENCIA,EJE VIAL,PRESIDENTE PLUTARCO ELIAS CALLES,CALLE,TLACOTAL B,EJE VIAL,4 SUR (PRESIDENTE PLUTARCO ELÍAS CALLES),,SN,,,,SN,COLONIA,GABRIEL RAMOS MILLAN SECC TLACOTAL,,,,8720,,CIUDAD DE MÉXICO,,Iztacalco,,Iztacalco,,29,,,,Fijo,"19,39704261","-99,10625779"
MÓDULO DEPORTIVO LA GOTA,ALCALDÍA IZTACALCO ,Centros de acondicionamiento físico del sector público,CALLE,ESTUDIOS CHURUBUSCO,CALLE,TEZONTLE,CALLE,CANAL DE TEZONTLE,CALLE,CANAL DE TEZONTLE,,SN,,,,,COLONIA,JARDINES TECMA,,,,8920,,CIUDAD DE MÉXICO,,Iztacalco,,Iztacalco,,8,,,,Fijo,"19,38877027","-99,11685861"
PARQUE ACTEAL,ALCALDÍA IZTACALCO ,Parques de diversiones y temáticos del sector público,CALLE,1,AVENIDA,NORTE,CALLE,TALLERES GRAFICOS,CALLE,2,0,SN,,,0,,COLONIA,AGRICOLA PANTITLAN,,,,8100,,CIUDAD DE MÉXICO,,Iztacalco,,Iztacalco,,6,,,,Fijo,"19,41321613","-99,06870804"
PARQUE EL PRINCIPITO,ALCALDÍA IZTACALCO ,Parques de diversiones y temáticos del sector público,AVENIDA,NORTE,CALLE,5,CALLE,4,CALLE,RETORNO DIAZ ORDAZ,,SN,,,,,COLONIA,AGRICOLA PANTITLAN,,,,8100,,CIUDAD DE MÉXICO,,Iztacalco,,Iztacalco,,1,,,,Fijo,"19,40985698","-99,06107561"
PARQUE ESCUELA URBANO ECOLOGICO IZTACALCO,PARQUE ESCUELA URBANO ECOLÓGICO IZTACALCO ,Parques de diversiones y temáticos del sector público,CALLE,ORIENTE 259,AVENIDA,CALZADA GENERAL IGNACIO ZARAGOZA,OTRO (ESPECIFIQUE),NINGUNO,CALLE,ORIENTE 257,,SN,,,,,COLONIA,AGRICOLA ORIENTAL,,,,8500,,CIUDAD DE MÉXICO,,Iztacalco,,Iztacalco,,8,5551151006,PARQUECOLOGICOIZTACALCO@HOTMAIL.COM,,Fijo,"19,39800202","-99,06060123"
PARQUE RECREATIVO MIRAVALLE,ALCALDÍA IZTACALCO ,Parques de diversiones y temáticos del sector público,CALLE,1,AVENIDA,NORTE,PRIVADA,IZTACALCO,CALLE,1,93,,,,,,COLONIA,AGRICOLA PANTITLAN,,,,8100,,CIUDAD DE MÉXICO,,Iztacalco,,Iztacalco,,22,,,,Fijo,"19,40855205","-99,06917451"
ADMIMINISTRACIÓN DEL DEPORTIVO REFORMA AGRARIA,ALCALDÍA IZTAPALAPA ,Centros de acondicionamiento físico del sector público,CALLE,BANDERA,CERRADA,BANDERA,CALLE,HERMANOS WRIGHT,CALLE,HERMANOS WRIGHT,0,SN,,,0,,COLONIA,DOCE DE DICIEMBRE,,,,9870,,CIUDAD DE MÉXICO,,Iztapalapa,,Iztapalapa,,22,,,,Fijo,"19,32904836","-99,10428263"
CENTRO DEPORTIVO SAN ANDRES TETEPILCO,ALCALDÍA IZTAPALAPA DE LA CIUDAD DE MEXICO ,Centros de acondicionamiento físico del sector público,CALLE,SAN ANDRES TETEPILCO,EJE VIAL,1 ORIENTE (ANDRES MOLINA ENRIQUEZ),CERRADA,PRIMERA SAN ANDRES TETEPILCO,EJE VIAL,7 SUR (MUNICIPIO LIBRE),,SN,,,,,COLONIA,SAN ANDRES TETEPILCO,,,,9440,,CIUDAD DE MÉXICO,,Iztapalapa,,Iztapalapa,,3,,,,Fijo,"19,36980265","-99,13180184"
CENTRO RECREATIVO Y CULTURAL PODER POPULAR,ALCALDÍA IZTAPALAPA ,Parques de diversiones y temáticos del sector público,CALLE,VADA,CALLE,ACAHUATL,CALLE,DAMIANA,CALLE,MACAHUITE,,SN,,,,,COLONIA,EL MOLINO,,,,9960,,CIUDAD DE MÉXICO,,Iztapalapa,,Iztapalapa,,1,,,,Fijo,"19,29042152","-99,07241125"
DEPORTIVO EMILIO SAENZ IBARRA ,ALCALDÍA IZTAPALAPA,Centros de acondicionamiento físico del sector público,EJE VIAL,6 SUR,CALLE,HUALQUILA,CIRCUITO,INTERIOR (AVENIDA RIO CHURUBUSCO),CALLE,HUALQUILA,,SN,,,,,COLONIA,CENTRAL DE ABASTOS,,,,9000,,CIUDAD DE MÉXICO,,Iztapalapa,,Iztapalapa,,31,,,,Fijo,"19,3714009","-99,1024966"
DEPORTIVO FRANCISCO I. MADERO,ALCALDÍA IZTAPALAPA,Centros de acondicionamiento físico del sector público,CALLE,TELECOMUNICACIONES,CALLE,MANUEL ESCANDON,CERRADA,NINGUNO,CALLE,CALLE 3,,SN,,,,,COLONIA,UNIDAD HAB CABEZA DE JUAREZ,,,,9220,,CIUDAD DE MÉXICO,,Iztapalapa,,Iztapalapa,,33,,,,Fijo,"19,38289152","-99,04411482"
DEPORTIVO LA PURÍSIMA,ALCALDÍA IZTAPALAPA ,Centros de acondicionamiento físico del sector público,CALLE,SAN FELIPE DE JESUS,CALLE,SAN RAFAEL ATLIXCO,AVENIDA,HIDALGO,CALLE,SAN RAFAEL ATLIXCO,0,SN,,,0,,COLONIA,BARRIO SAN MIGUEL,,,,9360,,CIUDAD DE MÉXICO,,Iztapalapa,,Iztapalapa,,9,,,,Fijo,"19,3563428","-99,07224035"
DEPORTIVO LOS REYES CULHUACAN,ALCALDÍA IZTAPALAPA,Centros de acondicionamiento físico del sector público,CALLE,MOCTEZUMA,CALLE,TETEPANQUETZALZIN,CALLE,TONATIUH,CALLE,MOCTEZUMA,,SN,,,,,COLONIA,AMPLIACION LOS REYES CULHUACAN,,,,9849,,CIUDAD DE MÉXICO,,Iztapalapa,,Iztapalapa,,42,5567816567,,,Fijo,"19,34347445","-99,10261413"
DEPORTIVO PARQUE ELEKTRA EJIDAL 10,ALCALDÍA IZTAPALAPA ,Centros de acondicionamiento físico del sector público,AVENIDA,GUERRA DE REFORMA,CALLE,BATALLA DE LOMA ALTA,CALLE,BATALLA DE CASABLANCA,CALLE,24 DE ABRIL DE 1860,,SN,,,,,COLONIA,LEYES DE REFORMA 3RA SECCION,,,,9310,,CIUDAD DE MÉXICO,,Iztapalapa,,Iztapalapa,,8,,,,Fijo,"19,38056118","-99,06932278"
DEPORTIVO SAN LORENZO,ALCALDÍA ,Centros de acondicionamiento físico del sector público,CERRADA,DESPOSORIOS,CALLE,DESPOSORIOS,CALLE,BALTAZAR ECHAVE RIOJA,CALLE,MIGUEL LERDO DE TEJADA,0,SN,,,0,SN,BARRIO,DE GUADALUPE,,,,9900,,CIUDAD DE MÉXICO,,Iztapalapa,,Iztapalapa,,7,5530587028,,,Fijo,"19,31031438","-99,07295136"
DEPORTIVO SANTA CRUZ,ALCALDÍA IZTAPALAPA ,Centros de acondicionamiento físico del sector público,CALLE,71,EJE VIAL,8 SUR (CALZADA ERMITA IZTAPALAPA),AVENIDA,SAMUEL GOMPERS,AVENIDA,GENARO ESTRADA,0,SN,PARQUE RECREATIVO,PLANTA BAJA,0,,COLONIA,JACARANDA,PARQUE RECREATIVO,DEPORTIVO SANTA CRUZ MEYEHUALCO,SN,9280,,CIUDAD DE MÉXICO,,Iztapalapa,,Iztapalapa,,10,,,,Fijo,"19,34667744","-99,04760962"
DEPORTIVO SANTA MARTHA,ALCALDÍA IZTAPALAPA ,Centros de acondicionamiento físico del sector público,CALLE,FRANCISCO SARABIA,CALLE,CUAUHTEMOC,CALLE,CELIO GARCIA,CALLE,JOSÉ INDELICATO,,SN,,,,,COLONIA,SANTA MARTHA ACATITLA,,,,9510,,CIUDAD DE MÉXICO,,Iztapalapa,,Iztapalapa,,7,,,,Fijo,"19,36046865","-99,0051459"
DEPORTIVO SANTA MARTHA ACATITLA,ALCADIA DE IZTAPALAPA ,Centros de acondicionamiento físico del sector público,CALLE,CUAUHTEMOC,CALLE,JOSE INDELICATO,CALLE,FRANCISCO SARABIA,CALLE,CELIO GARCÍA,,SN,,,,,COLONIA,SANTA MARTHA ACATITLA,,,,9510,,CIUDAD DE MÉXICO,,Iztapalapa,,Iztapalapa,,7,,,,Fijo,"19,36009859","-99,00281523"
GIMNASIO DE USOS MULTIPLES ACALHUATEPEC,ALCALDÍA IZTAPALAPA,Centros de acondicionamiento físico del sector público,CALLE,COLORIN,CALLE,ORO,CALLE,TECHALTITLA,CALLE,TLATLAYA,0,SN,,,0,,COLONIA,2DA AMPLIACION SANTIAGO ACAHUALTEPEC,,,,9609,,CIUDAD DE MÉXICO,,Iztapalapa,,Iztapalapa,,27,,,,Fijo,"19,34597974","-99,0080902"
MODULO DEPORTIVO JACARANDAS,ALCALDÍA IZTAPALAPA ,Centros de acondicionamiento físico del sector público,CALLE,OCTAVIO PAZ,CALLE,FRANCISCO C. MORALES,CALLE,JACARANDAS,CALLE,OYAMELES,,SN,,,,,UNIDAD HABITACIONAL,SANTA MARTHA ACATITLA EL SALADO,,,,9510,,CIUDAD DE MÉXICO,,Iztapalapa,,Iztapalapa,,24,,,,Fijo,"19,36904269","-99,00529471"
MODULO DEPORTIVO Y CULTURAL GDF,ALCALDÍA IZTAPALAPA ,Centros de acondicionamiento físico del sector público,CALLE,SITIO A CUAUTLA,ANDADOR,MANZANA O EDIFICACION CONTIGUA,CALLE,NARCISO MENDOZA,CALLE,NARCISO MENDOZA,,SN,,,,,COLONIA,SANTA MARTHA ACATILA SUR,,,,9510,,CIUDAD DE MÉXICO,,Iztapalapa,,Iztapalapa,,32,,,,Fijo,"19,3740757","-99,02772505"
PARQUE ACUATICO SAN MIGUEL TEOTONGO,ALCALDÍA IZTAPALAPA ,Centros de acondicionamiento físico del sector público,CALLE,MINAS,CALLE,18 DE MARZO,CALLE,HIDALGO,CALLE,18 DE MARZO,,SN,,,,,COLONIA,SAN MIGUEL TEOTONGO,,,,9630,,CIUDAD DE MÉXICO,,Iztapalapa,,Iztapalapa,,30,,,,Fijo,"19,3479612","-98,98407065"
PARQUE BALBANERA. PARQUE RECREATIVO,ALCALDÍA IZTAPALAPA,Parques de diversiones y temáticos del sector público,CALZADA,GENERAL IGNACIO ZARAGOZA,CALLE,GENERAL FLORENCIO ANTILLON,CALLE,BALVANERA,CALLE,PABLO GARCIA,,SN,,,,,COLONIA,SAN LORENZO XICOTENCATL,,,,9130,,CIUDAD DE MÉXICO,,Iztapalapa,,Iztapalapa,,24,,,,Fijo,"19,38298943","-99,03122162"
PARQUE ESTRELLA,ALCALDÍA IZTAPALAPA,Parques de diversiones y temáticos del sector público,CALLE,RAFAEL CURIEL,AVENIDA,CORL. MATIAS ROMERO,CALLE,ANTONIO DE LA BARRERA,AVENIDA,HIDALGO,,SN,,,,,COLONIA,CONSTITUCION DE 1917,,,,9260,,CIUDAD DE MÉXICO,,Iztapalapa,,Iztapalapa,,18,,,,Fijo,"19,35016779","-99,06783516"
PARQUE NUEVA VIDA,ALCALDÍA IZTAPALAPA,Parques de diversiones y temáticos del sector público,AVENIDA,3,CALLE,FLOR DE CAMELIA,CALLE,ORQUIDEA,AVENIDA,2,,SN,,,,,COLONIA,LOMAS DE SAN LORENZO,,,,9780,,CIUDAD DE MÉXICO,,Iztapalapa,,Iztapalapa,,4,,,,Fijo,"19,3179568","-99,06123359"
"PARQUE PATOLI EL SALADO, 2DA SECCION",ALCALDÍA IZTAPALAPA ,Parques de diversiones y temáticos del sector público,CALLE,OYAMELES,CALLE,FRANCISCO C. MORALES,CALZADA,GENERAL IGNACIO ZARAGOZA,CALLE,PINOS,,SN,,,,,UNIDAD HABITACIONAL,LA CONCORDIA,,,,9510,,CIUDAD DE MÉXICO,,Iztapalapa,,Iztapalapa,,26,,,,Fijo,"19,368631","-99,00796512"
PARQUE PATOLLI CABEZA DE JUAREZ,ALCALDÍA IZTAPALAPA ,Parques de diversiones y temáticos del sector público,OTRO (ESPECIFIQUE),NINGUNO,EJE VIAL,LEYES DE REFORMA,CALLE,25 DE SEPTIEMBRE DE 1873,AVENIDA,NINGUNO,,SN,,,,,COLONIA,UNIDAD HAB CABEZA DE JUAREZ,,,,9208,,CIUDAD DE MÉXICO,,Iztapalapa,,Iztapalapa,,48,,CABEZADEJUAREZPATOLLI@GIMAIL.COM,,Fijo,"19,37690979","-99,05985734"
PARQUE POPULAR UNIDAD MODELO,ALCALDÍA IZTAPALAPA ,Parques de diversiones y temáticos del sector público,CALLE,NINGUNO,CALLE,CUARTO RETORNO EMILIANO ZAPATA,CALLE,CENTRAL UNIDAD MODELO,CALLE,NINGUNO,,SN,,,,,COLONIA,UNIDAD MODELO,,,,9089,,CIUDAD DE MÉXICO,,Iztapalapa,,Iztapalapa,,41,,,,Fijo,"19,36311964","-99,12464472"
PARQUE TEMATICO CANANEA,ALCALDÍA IZTAPALAPA,Parques de diversiones y temáticos del sector público,CALLE,DAMIANA,CALLE,DAMIANA,CALLE,ESMERALDA,ANDADOR,SIN REFERENCIA,1,SECCION 6,,,0,,CONJUNTO HABITACIONAL,CANANEA,,,,9960,,CIUDAD DE MÉXICO,,Iztapalapa,,Iztapalapa,,14,,,PARQUETEMATICOCANANEA.COM,Fijo,"19,29191728","-99,06743966"
PARQUE TEMATICO CUITLAHUAC,ALCALDÍA IZTAPALAPA,Parques de diversiones y temáticos del sector público,EJE VIAL,5 SUR (AVENIDA CIRCUNVALACION),AVENIDA,9,AVENIDA,GUELATAO,AVENIDA,8,,SN,,,,,COLONIA,UNIDAD HAB SANTA CRUZ MEYEHUALCO,,,,9209,,CIUDAD DE MÉXICO,,Iztapalapa,,Iztapalapa,,1,,,,Fijo,"19,36771465","-99,04355492"
"PARQUE TEMATICO PATOLI EL SALADO, 1RA SECCION.",ALCALDÍA IZTAPALAPA ,Parques de diversiones y temáticos del sector público,CALLE,OYAMELES,CALLE,FRANCISCO C. MORALES,CALLE,NINGUNO,CALLE,OCTAVIO PAZ,,SN,,,,,COLONIA,LA CONCORDIA,,,,9150,,CIUDAD DE MÉXICO,,Iztapalapa,,Iztapalapa,,3,,,,Fijo,"19,36864986","-99,0078934"
PARQUE TEMATICO PATOLLI,ALCALDÍA IZTAPALAPA,Parques de diversiones y temáticos del sector público,PERIFERICO,CANAL DE GARAY,OTRO (ESPECIFIQUE),CANAL DE CHALCO,PERIFERICO,PERIFERICO,OTRO (ESPECIFIQUE),NINGUNO,,SN,,,,,UNIDAD HABITACIONAL,MIRASOLES,,,,9910,,CIUDAD DE MÉXICO,,Iztapalapa,,Iztapalapa,,51,,,,Fijo,"19,30830931","-99,08389128"
PARQUE TEMATICO PATOLLI,ALCALDÍA IZTAPALAPA,Parques de diversiones y temáticos del sector público,CALLE,JACARANDA,CALLE,CAMINO REAL,CALLE,JOSE LOPEZ PAORTILLO,CERRADA,CAMINO REAL,,SN,,,,,COLONIA,SAN MIGUEL TEOTONGO,,,,9630,,CIUDAD DE MÉXICO,,Iztapalapa,,Iztapalapa,,28,,,,Fijo,"19,34396022","-98,98910796"
PARQUE UNO,ALCALDÍA IZTAPALAPA ,Parques de diversiones y temáticos del sector público,CALLE,2,CALLE,9,CALLE,17,AVENIDA,4,,SN,,,,,UNIDAD HABITACIONAL,SANTA CRUZ MEYEHUALCO,,,,9290,,CIUDAD DE MÉXICO,,Iztapalapa,,Iztapalapa,,40,5511459760,,,Fijo,"19,34527421","-99,03464319"
PARTICIPACION CIUDADANA,ALCALDÍA IZTAPALAPA ,Centros de acondicionamiento físico del sector público,PEATONAL,NINGUNO,AVENIDA,CONGRESO DE CHILPANCINGO NORTE,AVENIDA,CONGRESO DE CHILPANCINGO SUR,AVENIDA,CONGRESO DE CHILPANCINGO NORTE,,SN,,,,,UNIDAD HABITACIONAL,ERMITA ZARAGOZA,,,,9180,,CIUDAD DE MÉXICO,,Iztapalapa,,Iztapalapa,,23,,,,Fijo,"19,36410207","-98,99939258"
UNIDAD DEPORTIVA LA CASCADA,ALCALDÍA IZTAPALAPA ,Centros de acondicionamiento físico del sector público,CALLE,ENNA,AVENIDA,TEXCOCO,CALZADA,GENERAL IGNACIO ZARAGOZA,CALLE,FRANCISCO C. MORALES,2300,,,,,,COLONIA,AMPLIACION SANTA MARTHA ACATITLA,,,,9140,,CIUDAD DE MÉXICO,,Iztapalapa,,Iztapalapa,,1,5524247050,,,Fijo,"19,38176526","-99,02557115"
CAMPO DEPORTIVO CONTRERAS,ALCALDÍA LA MAGDALENA CONTRERAS ,Centros de acondicionamiento físico del sector público,CALLE,FELIPE ANGELES,CALLE,CAMINO REAL DE CONTRERAS,CALLE,CASTREJON,CALLE,FELIPE ÁNGELES,5,,,,,,COLONIA,LA CONCEPCION,,,,10830,,CIUDAD DE MÉXICO,,La Magdalena Contreras,,La Magdalena Contreras,,19,5555951339,,,Fijo,"19,305595","-99,23295944"
CENTRO ACUATICO DEPORTIVO LA OLLA,ALCALDIA LA MAGDALENA CONTRERAS ,Centros de acondicionamiento físico del sector público,CALLE,CERRADA ALVARO OBREGON,CALLE,CERRADA ATLACO,PRIVADA,ÁLVARO OBREGON,CALLE,ALUMNOS,,SN,,,,,COLONIA,PUEBLO SAN BERNABE OCOTEPEC,,,,10300,,CIUDAD DE MÉXICO,,La Magdalena Contreras,,La Magdalena Contreras,,29,,,,Fijo,"19,31232909","-99,25678128"
CENTRO DE BARRIO HEROES DE PADIERNA,ALCALDÍA LA MAGDALENA CONTRERAS ,Clubes deportivos del sector público,AVENIDA,OAXACA,CALLE,SONORA,CALLE,VERACRUZ,CALLE,VERACRUZ,,SN,,,,,COLONIA,HEROES DE PADIERNA,,,,10700,,CIUDAD DE MÉXICO,,La Magdalena Contreras,,La Magdalena Contreras,,20,,,,Fijo,"19,31518928","-99,22632445"
DEPORTIVO CASA POPULAR,ALCALDÍA LA MAGDALENA CONTRERAS ,Centros de acondicionamiento físico del sector público,AVENIDA,CONTRERAS,CALLE,CUAUHTEMOC,AVENIDA,LUIS CABRERA,CALLE,CUAUHTÉMOC,1,,,,0,,COLONIA,SAN JERONIMO LIDICE,,,,10200,,CIUDAD DE MÉXICO,,La Magdalena Contreras,,La Magdalena Contreras,,11,,,,Fijo,"19,32213452","-99,22167423"
DEPORTIVO OASIS,ALCALDÍA LA MAGDALENA CONTRERAS ,Centros de acondicionamiento físico del sector público,CALLE,SOLEDAD,CERRADA,SOLEDAD,CERRADA,NOGAL,AVENIDA,SAN JERÓNIMO,0,SN,,,0,SN,COLONIA,SAN BERNABE OCOTEPEC,,,,10300,,CIUDAD DE MÉXICO,,La Magdalena Contreras,,La Magdalena Contreras,,26,,,,Fijo,"19,30886566","-99,2576489"
DEPORTIVO PRIMERO DE MAYO,ALCALDÍA LA MAGDALENA CONTRERAS ,Centros de acondicionamiento físico del sector público,CALLE,NOGALES,CALLE,SIN REFERENCIA,CERRADA,NOGALES,CERRADA,NOGALES,,SN,,,,,COLONIA,SAN NICOLAS TOTOLAPAN,,,,10900,,CIUDAD DE MÉXICO,,La Magdalena Contreras,,La Magdalena Contreras,,27,,,,Fijo,"19,30241237","-99,23785251"
DEPORTIVO SAN BERNABE,ALCALDÍA LA MAGDALENA CONTRERAS ,Centros de acondicionamiento físico del sector público,CALLE,EMILIANO ZAPATA,CALLE,ÁLVARO OBREGON,CERRADA,PRIVADA AHUATONGO,CERRADA,PRIVADA AHUATONGO,,SN,,,,,COLONIA,PUEBLO SAN BERNABE OCOTEPEC,,,,10300,,CIUDAD DE MÉXICO,,La Magdalena Contreras,,La Magdalena Contreras,,2,,,,Fijo,"19,31118242","-99,25371643"
MODULO DEPORTIVO BARRANCA SECA,ALCALDÍA LA MAGDALENA CONTRERAS ,Centros de acondicionamiento físico del sector público,PROLONGACION,PROVIDENCIA,CALLE,ALCANTARILLA,CALLE,JOSE MORENO SALIDO,PROLONGACION,PROVIDENCIA,,SN,,,,,COLONIA,BARRANCA SECA,,,,10580,,CIUDAD DE MÉXICO,,La Magdalena Contreras,,La Magdalena Contreras,,21,,,,Fijo,"19,30512833","-99,23967787"
MODULO DEPORTIVO HIGUERA,ALCALDÍA LA MAGDALENA CONTRERAS ,Centros de acondicionamiento físico del sector público,CERRADA,HIGUERA,CALLE,HIGUERA,ANDADOR,QUINTO AZTECAS,CALLE,HIGUERA,1,,,,,,COLONIA,SAN BERNABE OCOTEPEC,,,,10300,,CIUDAD DE MÉXICO,,La Magdalena Contreras,,La Magdalena Contreras,,42,,,,Fijo,"19,32035829","-99,25838644"
MODULO DEPORTIVO OJO DE AGUA,ALCALDÍA LA MAGDALENA CONTRERAS ,Centros de acondicionamiento físico del sector público,CALLE,OYAMEL,AVENIDA,OJO DE AGUA,CALLE,CARBONERO,PRIVADA,CARBONEROS,,SN,,,,,COLONIA,AMPLIACION LOMAS DE SAN BERNABE,,,,10369,,CIUDAD DE MÉXICO,,La Magdalena Contreras,,La Magdalena Contreras,,18,,,,Fijo,"19,30702375","-99,2658146"
MODULO DEPORTIVO SAN FRANCISCO,ALCALDÍA LA MAGDALENA CONTRERAS ,Centros de acondicionamiento físico del sector público,CALLE,RIO CHICO,CALLE,BARRANCA RIO CHICO,CALLE,NACOZARI,CERRADA,LA VENTA,,SN,,,,,COLONIA,BARRIO SAN FRANCISCO,,,,10800,,CIUDAD DE MÉXICO,,La Magdalena Contreras,,La Magdalena Contreras,,25,,,,Fijo,"19,31140203","-99,23275884"
PARQUE DEPORTIVO EL RELOJ,ALCALDÍA LA MAGDALENA CONTRERAS ,Parques de diversiones y temáticos del sector público,CALLE,ORIZABA,CALLE,JALAPA,CALLE,TUXPAN,CALLE,EMILIANO ZAPATA,0,SN,,,0,,COLONIA,SAN JERONIMO ACULCO,,,,10400,,CIUDAD DE MÉXICO,,La Magdalena Contreras,,La Magdalena Contreras,,10,,,,Fijo,"19,31993856","-99,22416199"
 BAJO PUENTE,ALCALDÍA  MIGUEL HIDALGO ,Centros de acondicionamiento físico del sector público,CALLE,CALZADA MEXICO TACUBA,AVENIDA,AQUILES SERDAN,CALLE,AQUILES SERDAN,CALLE,GOLFO DE TEHUANTEPEC,,SN,,,,,COLONIA,SAN DIEGO OCOYOACAC,,,,11290,,CIUDAD DE MÉXICO,,Miguel Hidalgo,,Miguel Hidalgo,,24,,,,Fijo,"19,46109956","-99,19059209"
CENTRO DE DESARROLLO DEPORTIVO PLAN SEXENAL,ALCALDÍA MIGUEL HIDALGO ,Centros de acondicionamiento físico del sector público,CALLE,PLAN DE GUADALUPE,CALLE,FAUSTO NIETO,CALLE,MAR MEDITERRANEO,CALLE,NEXTITLA,,SN,,,,,COLONIA,NEXTITLA,,,,11420,,CIUDAD DE MÉXICO,,Miguel Hidalgo,,Miguel Hidalgo,,4,,,,Fijo,"19,45415061","-99,17263819"
DEPORTIVO 18 DE MARZO,ALCALDÍA  MIGUEL HIDALGO ,Centros de acondicionamiento físico del sector público,AVENIDA,5 DE MAYO,AVENIDA,SANTA LUCIA,AVENIDA,F.F. C.C. NACIONALES,OTRO (ESPECIFIQUE),GLORIETA,,SN,,,,,COLONIA,SAN LORENZO TLALTENANGO,,,,11210,,CIUDAD DE MÉXICO,,Miguel Hidalgo,,Miguel Hidalgo,,1,,,,Fijo,"19,47221824","-99,19755581"
DEPORTIVO ANAHUAC,ALCALDÍA MIGUEL HIDALGO ,Clubes deportivos del sector público,CALLE,TLALOC,CALLE,ATZAYACATL,CALLE,TIZOC,CALLE,TONATZIN,,SN,,,,,COLONIA,TLAXPANA,,,,11370,,CIUDAD DE MÉXICO,,Miguel Hidalgo,,Miguel Hidalgo,,1,,,,Fijo,"19,43962783","-99,17010223"
DEPORTIVO ANAHUAC,ALCALDÍA  MIGUEL HIDALGO ,Clubes deportivos del sector público,CALLE,ATZAYACATL,CALLE,TLALOC,CALLE,TONATZIN,CALLE,NEZAHUALPILLI,,SN,MERCADO PUBLICO,PISO 1,,,COLONIA,TLAXPANA,MERCADO PUBLICO,MERCADO ANAHUAC ZONA,SN,11370,,CIUDAD DE MÉXICO,,Miguel Hidalgo,,Miguel Hidalgo,,15,,,,Fijo,"19,44056645","-99,17018618"
DEPORTIVO CONSTITUYENTES,ALCALDÍA MIGUEL HIDALGO ,Centros de acondicionamiento físico del sector público,CALLE,GOBERNADOR GENERAL JOSE MORAN,AVENIDA,CONSTITUYENTES,CALLE,GENERAL MANUEL M. ECHEGARAY,AVENIDA,CONSTITUYENTES,,SN,,,,,AMPLIACION,DANIEL GARZA,,,,11840,,CIUDAD DE MÉXICO,,Miguel Hidalgo,,Miguel Hidalgo,,7,,,,Fijo,"19,40904234","-99,19605685"
DEPORTIVO GRAN LIBERTADOR DE AMERICA SIMON BOLIVAR,ALCALDÍA MIGUEL HIDALGO ,Centros de acondicionamiento físico del sector público,CALZADA,RETORNO SEGUNDO INGENIEROS MILITARES,CALLE,RETORNO SEGUNDO INGENIEROS MILITARES,AVENIDA,RIO SAN JOAQUIN,AVENIDA,RODOLFO GAONA,2,,,,0,,COLONIA,LOMAS DE SOTELO,,,,11200,,CIUDAD DE MÉXICO,,Miguel Hidalgo,,Miguel Hidalgo,,2,5553955472,,,Fijo,"19,45126397","-99,2163189"
DEPORTIVO JOSE MARIA MORELOS Y PAVON,ALCALDÍA MIGUEL HIDALGO ,Centros de acondicionamiento físico del sector público,CALLE,LAGO TRASIMENO,CALLE,LAGO ERNE,CALLE,LAGO WETTER,CALLE,CERRADA LAGO ERNE,,SN,,,,,COLONIA,REFORMA PENSIL NORTE,,,,11349,,CIUDAD DE MÉXICO,,Miguel Hidalgo,,Miguel Hidalgo,,6,,,,Fijo,"19,4487726","-99,19415759"
DEPORTIVO NUEVA ARGENTINA,ALCALDÍA  MIGUEL HIDALGO ,Centros de acondicionamiento físico del sector público,AVENIDA,CALZADA MEXICO TACUBA,CALLE,SANCTORUM,CALLE,RIO URUGUAY,CALLE,RÍO TLACOTALPAN,,SN,EDIFICIO SIN NOMBRE,PLANTA BAJA,,,COLONIA,ARGENTINA ANTIGUA,,,,11230,,CIUDAD DE MÉXICO,,Miguel Hidalgo,,Miguel Hidalgo,,12,,CEA_LUMOS80S@HOTMAIL.COM,,Fijo,"19,45655026","-99,20682673"
DEPORTIVO PARQUE LIRA,ALCALDÍA MIGUEL HIDALGO ,Centros de acondicionamiento físico del sector público,AVENIDA,PARQUE LIRA,AVENIDA,OBSERVATORIO,CALLE,GOBERNADOR AGUSTIN VICENTE EGUIA,CALLE,GENERAL FUERO,128,,,,128,,COLONIA,DANIEL GARZA,,,,11360,,CIUDAD DE MÉXICO,,Miguel Hidalgo,,Miguel Hidalgo,,14,,,WWW.MIGUELHIDALGO.GOB.MX,Fijo,"19,40560837","-99,18867168"
DEPORTIVO VALLE ESCANDÓN,ALCALDÍA MIGUEL HIDALGO ,Centros de acondicionamiento físico del sector público,CALLE,CALLE DE LA CONSTITUCION,CALLE,GENERAL SALVADOR ALVARADO,CALLE,CIENCIAS,CALLE,JOSÉ MARTÍ,,SN,,,,,COLONIA,ESCANDON,,,,11800,,CIUDAD DE MÉXICO,,Miguel Hidalgo,,Miguel Hidalgo,,14,,,,Fijo,"19,40231817","-99,18069103"
GIMNASIO MIGUEL HIDALGO,ALCALDÍA MIGUEL HIDALGO ,Centros de acondicionamiento físico del sector público,CALZADA,SANTA CRUZ CACALCO,CALLE,SIN REFERENCIA,AVENIDA,RIO SAN JOAQUIN,AVENIDA,RÍO SAN JOAQUÍN,,SN,,,,,COLONIA,PANTEON FRANCES,,,,11260,,CIUDAD DE MÉXICO,,Miguel Hidalgo,,Miguel Hidalgo,,1,5553861867,JLTERAN@MIGUELHIDALGO.GOB.MX,,Fijo,"19,45365278","-99,21438241"
GIMNASIO SAN LORENZO TLALTENGO,ALCALDÍA  MIGUEL HIDALGO ,Centros de acondicionamiento físico del sector público,PRIVADA,PEPE ORTIZ,CALLE,CARLOS ARRUZA,ANDADOR,PRIMER DE CARLOS ARRUZA,AVENIDA,CALZADA INGENIEROS MILITARES,,SN,,,,,COLONIA,SAN LORENZO TLALTENANGO,,,,11210,,CIUDAD DE MÉXICO,,Miguel Hidalgo,,Miguel Hidalgo,,2,5553581704,,,Fijo,"19,46716107","-99,20999605"
PARQUE CANEGUIN,ALCALDÍA MIGUEL HIDALGO ,Parques de diversiones y temáticos del sector público,CERRADA,LAGO COLHUE,CALLE,LAGO MUSTERS,CALLE,PRIVADA ÁNGEL SILVA,CALLE,IGNACIO ALLENDE,130,,EDIFICIO SIN NOMBRE,PLANTA BAJA,,,COLONIA,ARGENTINA ANTIGUA,,,,11270,,CIUDAD DE MÉXICO,,Miguel Hidalgo,,Miguel Hidalgo,,28,,,,Fijo,"19,45521311","-99,2054109"
CENTRO DE ENSEÑANZA Y ALTO RENDIMIENTO MOMOXCO,ALCALDÍA  MILPA ALTA ,Centros de acondicionamiento físico del sector público,CALLE,CUITLAHUAC,CALLE,NINGUNO,CALLE,NINGUNO,CARRETERA,NUEVA A OAXTEPEC,331,,,,,,PUEBLO,SAN PEDRO ATOCPAN,,,,12200,,CIUDAD DE MÉXICO,,Milpa Alta,,San Pedro Atocpan,,27,,,,Fijo,"19,2147657","-99,05080596"
DEPORTIVO STANISLAO GALICIA,ALCALDÍA  MILPA ALTA ,Centros de acondicionamiento físico del sector público,CALLE,IGNACIO ALDAMA,CERRADA,NINGUNO,CALLE,JOSE MARIA MORELOS,CALLE,TEPECUENTECH,0,SN,,,0,,PUEBLO,SAN SALVADOR CUAUHTENCO,,,,12300,,CIUDAD DE MÉXICO,,Milpa Alta,,San Salvador Cuauhtenco,,15,5558624717,,,Fijo,"19,1957078","-99,09365017"
GIMNACIO SAN FRANCISCO TECOXPA,ALCALDÍA MILPA ALTA ,Centros de acondicionamiento físico del sector público,CALLE,PRIMERA CERRADA MIGUEL HIDALGO,CALLE,AVENIDA DEL TRABAJO,AVENIDA,MIGUEL HIDALGO,CALLE,AVENIDA DEL TRABAJO,0,SN,,,0,,PUEBLO,SAN FRANCISCO TECOXPA,,,,12700,,CIUDAD DE MÉXICO,,Milpa Alta,,San Francisco Tecoxpa,,36,,,,Fijo,"19,19923519","-99,00631369"
GIMNASIO G1,ALCALDÍA MILPA ALTA ,Centros de acondicionamiento físico del sector público,CALLE,SINALOA NORTE,CALLE,NINGUNO,CALLE,SINALOA,OTRO (ESPECIFIQUE),CULTIVO,,SN,,,,,PUEBLO,VILLA MILPA ALTA,,,,12000,,CIUDAD DE MÉXICO,,Milpa Alta,,Villa Milpa Alta,,4,,,,Fijo,"19,19977909","-99,02642097"
GIMNASIO OLLA DE PIEDRA TECOMITL,ALCALDÍA  MILPA ALTA ,Centros de acondicionamiento físico del sector público,CALLE,PROLONGACION IGNACIO ZARAGOZA ORIENTE,CALLE,GUILLERMO PRIETO,CALLE,JOSEFA ORTIZ DE DOMINGUEZ (BARRANCA SECA),OTRO (ESPECIFIQUE),CULTIVO,,SN,,,,,COLONIA,PUEBLO SAN ANTONIO TECOMITL,,,,12100,,CIUDAD DE MÉXICO,,Milpa Alta,,San Antonio Tecómitl,,2,,,,Fijo,"19,21767022","-98,98873037"
GIMNASIO SAN PABLO OZTOTEPEC,ALCALDÍA  DE LA DELEGACIÓN MILPA ALTA ,Centros de acondicionamiento físico del sector público,CALLE,NINGUNO,AVENIDA,FABIAN FLORES,CALLE,AVENIDA VICENTE GUERRERO,CALLE,AVENIDA VICENTE GUERRERO,0,SN,,,0,,PUEBLO,SAN PABLO OZTOTEPEC,,,,12400,,CIUDAD DE MÉXICO,,Milpa Alta,,San Pablo Oztotepec,,56,,,,Fijo,"19,18424788","-99,07072752"
GIMNASIO SAN PEDRO ATOCPAN,ALCALDÍA  MILPA ALTA ,Centros de acondicionamiento físico del sector público,CALLE,GABINO BARREDA,CALLE,FRANCISCO I. MADERO,CALLE,JUSTO SIERRA,CALLE,VENUSTIANO CARRANZA,,SN,,,,,PUEBLO,BARRIO OCOTITLA,,,,12200,,CIUDAD DE MÉXICO,,Milpa Alta,,San Pedro Atocpan,,13,,,,Fijo,"19,20105919","-99,05006198"
GIMNASIO TLACOYUCAN,ALCALDÍA  MILPA ALTA ,Centros de acondicionamiento físico del sector público,CALLE,CONSULADO,CALLE,NINGUNO,CALLE,INSURGENTES,CALLE,INSURGENTES,,SN,,,,,PUEBLO,SAN LORENZO TLACOYUCAN,,,,12500,,CIUDAD DE MÉXICO,,Milpa Alta,,San Lorenzo Tlacoyucan,,5,,,,Fijo,"19,17795248","-99,02950508"
GIMNASIO XICOMULCO,ALCALDÍA  MILPA ALTA ,Centros de acondicionamiento físico del sector público,CALLEJON,VENUSTIANO CARRANZA,CALLE,FRANCISCO I. MADERO SUR,CALLE,FRANCISCO I. MADERO SUR,CERRADA,TEHUIZCO,,SN,,,,,PUEBLO,SAN BARTOLOME XICOMULCO,,,,12250,,CIUDAD DE MÉXICO,,Milpa Alta,,San Bartolomé Xicomulco,,8,17223550,,,Fijo,"19,20174601","-99,07022308"
MODULO DEPORTIVO TECPALLO,ALCALDÍA  MILPA ALTA ,Centros de acondicionamiento físico del sector público,CALLE,GUERRERO,CALLE,PROLONGACION SAN JOSE,CALLE,XAXALPA,CALLE,BUGAMBILIA,,SN,,,,,PUEBLO,SAN JUAN TEPENAHUAC,,,,12800,,CIUDAD DE MÉXICO,,Milpa Alta,,San Francisco Tecoxpa,,10,,,,Fijo,"19,18689095","-98,99349892"
CAMPO DEPORTIVO TECOMITL,ALCALDÍA MILPA ALTA ,Centros de acondicionamiento físico del sector público,BOULEVARD,JOSE  LOPEZ PORTILLO,CALLE,HIDALGO,CALLE,SUR DEL COMERCIO,CALLE,CAMPO,,SN,,,,,COLONIA,PUEBLO SAN ANTONIO TECOMITL,,,,12100,,CIUDAD DE MÉXICO,,Tláhuac,,San Juan Ixtayopan,,13,,,,Fijo,"19,22877632","-98,9939188"
DEPORTIVO PUBLICO SAN JOSE,ALCALDÍA TLAHUAC ,Centros de acondicionamiento físico del sector público,AVENIDA,CALZADA REFORMA AGRARIA,CALLE,ESCARCHA (NORTE 3),AVENIDA,TIERRA Y LIBERTAD,AVENIDA,AGUSTÍN LARA,0,SN,,,0,,COLONIA,SAN JOSE,,,,13020,,CIUDAD DE MÉXICO,,Tláhuac,,Tláhuac,,9,,,,Fijo,"19,27536444","-99,00182205"
DEPORTIVO SANTA CATARINA,ALCALDÍA TLÁHUAC ,Clubes deportivos del sector público,CALLE,EL PIPILA,CALLE,LUCIANO NAVARRETE,AVENIDA,CONCEPCION,CALLE,ANTONIO ALDAMA,0,SN,,,0,,COLONIA,SANTA CATARINA,,,,13100,,CIUDAD DE MÉXICO,,Tláhuac,,Santa Catarina Yecahuitzotl,,26,,,,Fijo,"19,31222166","-98,96480172"
DEPORTIVO TLALTENCO,ALCALDÍA TLAHUAC ,Centros de acondicionamiento físico del sector público,CALLE,PASEO NUEVO,CALLE,OJO DE AGUA,CALLE,ESTEBAN CHAVERO,CALLE,ÁLVARO OBREGÓN,0,SN,,,0,,COLONIA,OJO DE AGUA,,,,13450,,CIUDAD DE MÉXICO,,Tláhuac,,Tláhuac,,6,,,,Fijo,"19,2900174","-99,01491248"
ESCUELA DE BASQUETBOL COCODRILO,ALCALDÍA DE TLAHUAC ,Centros de acondicionamiento físico del sector público,CALLE,COCODRILO,AVENIDA,TLAHUAC,CERRADA,COCODRILO,CALLE,ESCORPENA,73,B,,,0,,COLONIA,LOS OLIVOS,,,,13210,,CIUDAD DE MÉXICO,,Tláhuac,,Tláhuac,,9,,,,Fijo,"19,30211509","-99,05931209"
FRONTON SAN JUAN IXTAYOPANA,ALCALDÍA TLAHUAC ,Centros de acondicionamiento físico del sector público,CALLE,MARIANO ESCOBEDO,CALLE,JUAN ESCUTIA,CALLE,REFORMA AGRARIA,CALLE,MAGDALENA,,SN,,,,,BARRIO,LA ASUNCION,,,,13530,,CIUDAD DE MÉXICO,,Tláhuac,,San Juan Ixtayopan,,11,,,,Fijo,"19,24090185","-98,99319444"
GIMNASIO RAUL RATON MACIAS,ALCALDIA TLÁHUAC,Centros de acondicionamiento físico del sector público,CALLE,PINO SUAREZ,CALLE,SAN RAFAEL ATLIXCO,CALLE,BELLAS ARTES,CALLE,GITANA,0,SN,,,0,,COLONIA,LA ESTACION,,,,13319,,CIUDAD DE MÉXICO,,Tláhuac,,Tláhuac,,40,,,,Fijo,"19,309476","-99,04346597"
GIMNASIO TLAHUICOLLE,ALCALDÍA TLÁHUAC ,Centros de acondicionamiento físico del sector público,CALLE,CUAUHTEMOC,CALLE,SEVERINO CENICEROS,CALLE,HIDALGO,CALLE,PLAZA PRINCIPAL,0,SN,,,0,,BARRIO,SAN MIGUEL,,,,13070,,CIUDAD DE MÉXICO,,Tláhuac,,Tláhuac,,3,5558623250,,,Fijo,"19,26859189","-99,0033708"
MODULO DEPORTIVO PIRAÑA,ALCALDÍA TLÁHUAC ,Centros de acondicionamiento físico del sector público,CALLE,PEZ CARDENAL,CERRADA,PEZ ÁNGEL,CALLE,PEZ GORAMI,CALLE,PEZ GORAMI,,SN,,,,,COLONIA,DEL MAR,,,,13270,,CIUDAD DE MÉXICO,,Tláhuac,,Tláhuac,,1,5526108151,,,Fijo,"19,29165226","-99,06133248"
ALBERCA ALCALDÍA,ALCALDÍA TLÁHUAC ,Parques acuáticos y balnearios del sector público,CALLE,NICOLAS BRAVO,CALLE,IGNACIO ALLENDE,PEATONAL,ANDADOR CUITLAHUAC,ANDADOR,HIDALGO,0,SN,,,0,,BARRIO,SAN MATEO,,,,13040,,CIUDAD DE MÉXICO,,Tláhuac,,Tláhuac,,2,,,,Fijo,"19,27034856","-99,00294496"
ALBERCA SEMIOLÍMPICA ALCALDÍA TLAHUAC,ALCALDÍA TLÁHUAC ,Parques acuáticos y balnearios del sector público,CALLE,EL PIPILA,CALLE,LUCIANO NAVARRETE,AVENIDA,CONCEPCION,CALLE,ANTONIO ALDAMA,0,SN,,,0,,COLONIA,SANTA CATARINA,,,,13100,,CIUDAD DE MÉXICO,,Tláhuac,,Santa Catarina Yecahuitzotl,,26,,,,Fijo,"19,31232805","-98,96552958"
PARQUE,ALCALADÍA TLÁHUAC,Parques de diversiones y temáticos del sector público,CALLE,GITANA,CALLE,RICARDO MONGES LOPEZ,AVENIDA,ADALBERTO TEJEDA,CALLE,CISNE,0,SN,,,0,SN,COLONIA,LA NOPALERA,,,,13220,,CIUDAD DE MÉXICO,,Tláhuac,,Tláhuac,,1,,,,Fijo,"19,29730702","-99,05575906"
PARQUE DE LA SOLIDARIDAD,ALCALDÍA TLAHUAC ,Parques de diversiones y temáticos del sector público,AVENIDA,ERNANI,CALLE,DEODATO,CALLE,MUZIO CLEMENTI,CALLE,DON PASCUALE (AMAPA),,SN,,,,,COLONIA,MIGUEL HIDALGO,,,,13200,,CIUDAD DE MÉXICO,,Tláhuac,,Tláhuac,,26,,,,Fijo,"19,29174543","-99,04809214"
PARQUE MANUEL AGUILERA GOMEZ,ALCALDÍA TLAHUAC ,Parques de diversiones y temáticos del sector público,CALLE,CISNE,AVENIDA,LA TURBA,CALLE,LAGO CUITZEO,CALLE,GITANA,,SN,,,,SN,COLONIA,LA TURBA,,,,13250,,CIUDAD DE MÉXICO,,Tláhuac,,Tláhuac,,30,,,,Fijo,"19,29507468","-99,0598915"
CANCHA SANTA URSULA XITLA, ALCALDÍA  TLALPAN ,Centros de acondicionamiento físico del sector público,CALLE,CAMINO A SANTA URSULA,CALLE,ALJIBE,CALLE,AVELINO VALENCIA,CALLE,LA MESA,153,,,,,,PUEBLO,SANTA URSULA XITLA,,,,14420,,CIUDAD DE MÉXICO,,Tlalpan,,Tlalpan,,19,,,,Fijo,"19,27984749","-99,17866864"
CANCHAS POPULAR SANTA TERESA,ALCALDÍA TLALPAN,Centros de acondicionamiento físico del sector público,CALLE,BALANCAN,CALLE,TEKIT,CALLE,CANSAHCAB,CIRCUITO,FUENTES DEL PEDREGAL,,SN,,,,,COLONIA,LOS FRAMBOYANES,,,,14110,,CIUDAD DE MÉXICO,,Tlalpan,,Tlalpan,,46,,,,Fijo,"19,29898118","-99,22782221"
CENTRO DEPORTIVO BENITO JUAREZ,ALCALDÍA  TLALPAN ,Centros de acondicionamiento físico del sector público,CALLE,VICENTE GUERRERO,CALLE,LAS FUENTES,ANDADOR,AYAUTLA,CALLE,BENITO JUÁREZ,0,SN,,,0,,COLONIA,AMPLIACION ISIDRO FABELA,,,,14039,,CIUDAD DE MÉXICO,,Tlalpan,,Tlalpan,,10,,,,Fijo,"19,29801612","-99,16879658"
CENTRO DEPORTIVO DON BOSCO,ALCALDÍA TLALPAN,Centros de acondicionamiento físico del sector público,CALLE,SAN JUAN BOSCO,CALLE,SAN FRANCISCO,CALZADA,VIADUCTO TLALPAN,CALLE,LOS MENDOZA,,SN,,,,,COLONIA,SAN LAZARO CARDENAS,,,,14370,,CIUDAD DE MÉXICO,,Tlalpan,,Tlalpan,,8,,,,Fijo,"19,29656651","-99,14644603"
CENTRO DEPORTIVO SAN PEDRO MARTIR,ALCALDÍA TLALPAN,Centros de acondicionamiento físico del sector público,AVENIDA,EL MIRADOR,OTRO (ESPECIFIQUE),BARDA,CALLE,DALIA,CALLE,FLOR SILVESTRE,,SN,,,,,COLONIA,PARAJE TETENCO,,,,14650,,CIUDAD DE MÉXICO,,Tlalpan,,Tlalpan,,1,5555138356,,,Fijo,"19,26818403","-99,17590364"
CENTRO DEPORTIVO VILLA OLIMPICA,ALCALDÍA TLALPAN,Centros de acondicionamiento físico del sector público,OTRO (ESPECIFIQUE),MANZANA O EDIFICACION CONTIGUA,CALLE,CALLE DEL OLIMPO,CALLE,INSURGENTES SUR,OTRO (ESPECIFIQUE),MANZANA O EDIFICACIÓN CONTIGUA,,SN,,,,,COLONIA,PARQUES DEL PEDREGAL,,,,14010,,CIUDAD DE MÉXICO,,Tlalpan,,Tlalpan,,1,,CDVILLAOLIMPICA.2014@GMAIL.COM,,Fijo,"19,29844262","-99,18798034"
COORDINACION DE DESARROLLO SOCIAL DE ACTIVIDADES DEPORTIVAS,ALCALDÍA  TLALPAN ,Clubes deportivos del sector público,CALLE,MONEDA,CALLE,CRUZ VERDE,CALLE,CARRASCO,CALLE,IGNACIO ALLENDE,,SN,,,,,COLONIA,TLALPAN CENTRO,,,,14000,,CIUDAD DE MÉXICO,,Tlalpan,,Tlalpan,,12,,,,Fijo,"19,29091118","-99,1729889"
DEPORTIVO CRUZ DEL FAROL,ALCALDÍA TLALPAN,Clubes deportivos del sector público,CALLE,MAGUEY,CALLE,SAUS TOSTADO,CALLE,CERRO NEGRO,CALLE,TEMASCALILLO,0,SN,,,0,SN,COLONIA,CRUZ DEL FAROL,,,,14248,,CIUDAD DE MÉXICO,,Tlalpan,,Tlalpan,,32,,,,Fijo,"19,26839979","-99,21213478"
DEPORTIVO DEL PEDREGAL DE SAN NICOLAS,ALCALDÍA TLALPAN,Centros de acondicionamiento físico del sector público,CALLE,SINANCHE,PRIVADA,SINANCHE,CALLE,KOPOMA,CALLE,CHICXULUM,,SN,,,,,COLONIA,PEDREGAL DE SAN NICOLAS 1A SECCION,,,,14100,,CIUDAD DE MÉXICO,,Tlalpan,,Tlalpan,,17,,,,Fijo,"19,29231885","-99,23698883"
DEPORTIVO ECOLOGICO MIXTECO,ALCALDÍA TLALPAN,Centros de acondicionamiento físico del sector público,CERRADA,CAMINO REAL DE SAN ANDRES,CERRADA,BUGAMBILIAS,CERRADA,BERANIOS,CALLE,CAMINO A XITLE,,SN,,,,SN,COLONIA,MARIA ESTHER ZUNO DE ECHEVERRIA,,,,14658,,CIUDAD DE MÉXICO,,Tlalpan,,Tlalpan,,16,,,,Fijo,"19,25558775","-99,18596802"
DEPORTIVO GUAYACANES,ALCALDÍA TLALPAN,Centros de acondicionamiento físico del sector público,CALLE,BOSQUES,AVENIDA,GUAYACANES,CALLE,JACARANDAS,AVENIDA,BOSQUES,,SN,,,,SN,COLONIA,BOSQUES DEL PEDREGAL,,,,14738,,CIUDAD DE MÉXICO,,Tlalpan,,Tlalpan,,38,,,,Fijo,"19,27043127","-99,23787442"
DEPORTIVO LA JOYA ,ALCALDÍA  TLALPAN ,Centros de acondicionamiento físico del sector público,CALLE,INSURGENTES SUR,CALLE,TLALCOLIGIA,AVENIDA,INSURGENTES SUR,CALLE,INSURGENTES SUR,,SN,,,,,COLONIA,LA JOYA,,,,14090,,CIUDAD DE MÉXICO,,Tlalpan,,Tlalpan,,20,,,,Fijo,"19,27835916","-99,16746849"
DEPORTIVO LOMAS DE BALANCAN,ALCALDÍA TLALPAN,Centros de acondicionamiento físico del sector público,CALLE,BALANCAN,CALLE,1,OTRO (ESPECIFIQUE),NINGUNO,CERRADA,2,,SN,,,,,COLONIA,JARDINES EN LA MONTAÑA,,,,14160,,CIUDAD DE MÉXICO,,Tlalpan,,Tlalpan,,37,,,,Fijo,"19,29584242","-99,21988599"
DEPORTIVO PEDREGAL DE SAN NICOLAS,,Centros de acondicionamiento físico del sector público,PRIVADA,SINANCHE,AVENIDA,MANI,CALLE,KOPOMA,CALLE,CHICXULUM,,SN,,,,,COLONIA,PEDREGAL DE SAN NICOLAS 1A SECCION,,,,14100,,CIUDAD DE MÉXICO,,Tlalpan,,Tlalpan,,17,,,,Fijo,"19,29246994","-99,23750717"
DEPORTIVO POPULAR,ALCALDÍA TLALPAN,Centros de acondicionamiento físico del sector público,CALLE,AYUNTAMIENTO,CALLE,BELISARIO DOMINGUEZ,CALLE,INDEPENDENCIA,CALLE,LAS FLORES,0,SN,,,0,,COLONIA,TLALPAN CENTRO,,,,14000,,CIUDAD DE MÉXICO,,Tlalpan,,Tlalpan,,4,,,,Fijo,"19,29381884","-99,17817903"
DEPORTIVO POPULAR BARRIO NIÑO JESUS,ALCALDÍA TLALPAN,Centros de acondicionamiento físico del sector público,CALLE,JOSE MARIA MORELOS,CALZADA,CALZADA DE TLALPAN,CALLE,NIÑO JESUS,CALLE,NIÑO JESÚS,,SN,,,,,BARRIO,NIÑO JESUS,,,,14080,,CIUDAD DE MÉXICO,,Tlalpan,,Tlalpan,,6,,,,Fijo,"19,28647888","-99,16263704"
DEPORTIVO SAN ANDRES TOTOLTEPEC,ALCALDÍA TLALPAN,Centros de acondicionamiento físico del sector público,CALLE,PALMA,CALLE,CAMINO VIEJO A XICALCO,CALLE,30 DE NOVIEMBRE,PRIVADA,TIZANTITLA,,SN,,,,,PUEBLO,SAN ANDRES TOTOLTEPEC,,,,14400,,CIUDAD DE MÉXICO,,Tlalpan,,Tlalpan,,20,,,,Fijo,"19,2501583","-99,16710613"
DEPORTIVO SAN NICOLAS TOLENTINO,ALCALDÍA TLALPAN,Centros de acondicionamiento físico del sector público,CALLE,TRIPOLI,CALLE,NINGUNO,CALLE,HACIENDA SAN NICOLAS TOLENTINO,CALLE,NINGUNO,,SN,,,,,FRACCIONAMIENTO,RESIDENCIAL VILLAS PRADOS COAPA,,,,14358,,CIUDAD DE MÉXICO,,Tlalpan,,Tlalpan,,13,56719180,,,Fijo,"19,2915683","-99,13487788"
DEPORTIVO SANCHEZ TABOADA,ALCALDÍA TLALPAN,Clubes deportivos del sector público,CALLE,YOBAIN,CALLE,MUNA,CALLE,PISTE,CALLE,IZAMAL,0,SN,,,0,,COLONIA,HEROES DE PADIERNA,,,,14200,,CIUDAD DE MÉXICO,,Tlalpan,,Tlalpan,,2,,,,Fijo,"19,28333983","-99,22360348"
ESTACION CICLOPISTA CIMA TOPILEJO,,Centros de acondicionamiento físico del sector público,CARRETERA,LOCALIDAD 800,OTRO (ESPECIFIQUE),NINGUNO,OTRO (ESPECIFIQUE),NINGUNO,OTRO (ESPECIFIQUE),NINGUNO,0,SN,,,,,LOCALIDAD,ESTACION LA CIMA,,,,14500,,CIUDAD DE MÉXICO,,Tlalpan,,La Cima,,800,,,,Fijo,"19,11483833","-99,19554472"
GIMNASIO  COMUNITARIO,ALCALDÍA TLALPAN,Centros de acondicionamiento físico del sector público,CALLE,RANCHO SAN NICOLAS,CALLE,LA ESCONDIDA,CALLE,CAMPANA,CALLE,RANCHO VIEJO,1,MZ17 LT1,,,,SN,COLONIA,BOSQUES DEL PEDREGAL,,,,14735,,CIUDAD DE MÉXICO,,Tlalpan,,Tlalpan,,6,,,,Fijo,"19,26840902","-99,23889759"
MODULO DEPORTIVO PLAN DE LA MAQUINA,ALCALDÍA TLALPAN,Centros de acondicionamiento físico del sector público,CALLE,CUILOTEPEC,CALLE,PLAN DE LA MAQUINA,CALLE,CAMPANA,CALLE,RANCHO SAN NICOLÁS,19,MZ25 LT19,,,,,COLONIA,BOSQUES DEL PEDREGAL,,,,14735,,CIUDAD DE MÉXICO,,Tlalpan,,Tlalpan,,1,5510820121,,,Fijo,"19,26738888","-99,2383234"
PARQUE DEPORTIVO UNIDAD ZAPOTE 2,ALCALDÍA TLALPAN,Centros de acondicionamiento físico del sector público,CALLE,NINGUNO,CALLE,ZAPOTE,CALLE,GENERAL LOBO,PRIVADA,SAN FERNANDO,,SN,,,,,COLONIA,ISIDRO FABELA,,,,14030,,CIUDAD DE MÉXICO,,Tlalpan,,Tlalpan,,31,,,,Fijo,"19,29959805","-99,17805618"
ANP BOSQUE DE TLALPAN,GOBIERNO CDMX,Parques de diversiones y temáticos del sector público,CALLE,NINGUNO,OTRO (ESPECIFIQUE),NINGUNO,CALLE,NINGUNO,OTRO (ESPECIFIQUE),BARDA,,SN,,,,,COLONIA,BOSQUE DE TLALPAN,,,,14010,,CIUDAD DE MÉXICO,,Tlalpan,,Tlalpan,,6,5556063980,,,Fijo,"19,29548486","-99,19323438"
CENTRO ACUATICO PARQUE MORELOS ADRIANA REBECA MARMOLEJO VARGAS,ALCALDÍA TLALPAN ,Parques acuáticos y balnearios del sector público,CALLE,GUADALUPE VICTORIA,CALLE,TORIBIO ALCARAZ,CALLE,JESUS LECUONA,AVENIDA,ALFREDO DE LA HUERTA,,SN,,,,,COLONIA,MIGUEL HIDALGO 3A SECCION,,,,14250,,CIUDAD DE MÉXICO,,Tlalpan,,Tlalpan,,15,,,WWW.PARQUEMORELOS.COM.MX,Fijo,"19,28447987","-99,20183034"
PARQUE LUDICO MACONDA,PARQUE LUDICO MACONDA ,Parques de diversiones y temáticos del sector público,CALLE,FUENTE DE LOS MOLINOS,CIRCUITO,FUENTES DEL PEDREGAL,AVENIDA,CAMINO A SANTA TERESA,CIRCUITO,FUENTES DEL PEDREGAL,0,SN,,,0,,COLONIA,FUENTES DEL PEDREGAL,,,,14110,,CIUDAD DE MÉXICO,,Tlalpan,,Tlalpan,,8,,,,Fijo,"19,30999439","-99,2232616"
PARQUE RENACIMIENTO,,Parques de diversiones y temáticos del sector público,CALLE,IGNACIO ALLENDE,CALLE,NIÑO JESUS,CALZADA,CALZADA DE TLALPAN,AVENIDA,SAN FERNANDO,,SN,,,,,BARRIO,NIÑO JESUS,,,,14080,,CIUDAD DE MÉXICO,,Tlalpan,,Tlalpan,,12,,,,Fijo,"19,28914679","-99,16204262"
PARQUE SOLIDARIDAD AJUSCO,ALCALDÍA TLALPAN,Parques de diversiones y temáticos del sector público,CIRCUITO,PICACHO-AJUSCO (PANORAMICA),CARRETERA,MANZANA O EDIFICACION CONTIGUA,CERRADA,ABEDUL,CALLE,COLORINES,,SN,,,,SN,COLONIA,MIRADOR I,,,,14748,,CIUDAD DE MÉXICO,,Tlalpan,,Tlalpan,,8,,,,Fijo,"19,26808682","-99,22028834"
PARQUE TOHUI,ALCALDÍA TLALPAN ,Parques de diversiones y temáticos del sector público,CALLE,LA FAMA,PRIVADA,CAMISETAS,CALLE,LA TURBINA,CALLE,ANDADOR CAMISETAS,,SN,,,,,MANZANA,AVENIDA DE LAS FUENTES,,,,14260,,CIUDAD DE MÉXICO,,Tlalpan,,Tlalpan,,5,,,,Fijo,"19,28937635","-99,17706938"
ADMINISTRACION DEL PARQUE ECOLOGICO Y RECREATIVO ALAMEDA ORIENTE,GOBIERNO CDMX,Parques de diversiones y temáticos del sector público,AVENIDA,PERIFERICO CALLE 7,CALLE,NINGUNO,AVENIDA,BORDO DE XOCHIACA,AVENIDA,VÍA EXPRÉSS TAPO,1,,PARQUE RECREATIVO,PLANTA BAJA,0,SN,COLONIA,AEROPUERTO INTER B JUAREZ,PARQUE RECREATIVO,ALAMEDA ORIENTE,SN,15640,,CIUDAD DE MÉXICO,,Venustiano Carranza,,Venustiano Carranza,,28,5557010639,,,Fijo,"19,43520091","-99,05072464"
ALBERCA DEL CENTRO DEPORTIVO OCEANIA,ALCALDÍA VENUSTIANO CARRANZA ,Parques acuáticos y balnearios del sector público,AVENIDA,OCEANIA,AVENIDA,608,AVENIDA,TAHEL,CALLE,ADOLFO RUÍZ CORTINES,,SN,,,,,COLONIA,PENSADOR MEXICANO,,,,15510,,CIUDAD DE MÉXICO,,Venustiano Carranza,,Venustiano Carranza,,1,,,,Fijo,"19,44884051","-99,08228153"
ALBERCA MOCTEZUMA,ALCALDÍA VENUSTIANO CARRANZA ,Parques acuáticos y balnearios del sector público,CALLE,NORTE 29,CALLE,ORIENTE 164,CALLE,ORIENTE 158,CALLE,CALLE DEL MERCADO,,SN,,,,,COLONIA,MOCTEZUMA 2DA SECC,,,,15530,,CIUDAD DE MÉXICO,,Venustiano Carranza,,Venustiano Carranza,,7,,,,Fijo,"19,43503261","-99,09669089"
CANCHA DE FUTBOL RAPIDO JOPA,ALCALDÍA VENUSTIANO CARRANZA ,Centros de acondicionamiento físico del sector público,CALLE,CECILIO ROBELO,CALLE,SUR 103,EJE VIAL,2 ORIENTE (HONORABLE CONGRESO DE LA UNION),CALLE,STAND DE TIRO,,SN,,,,,COLONIA,AERONAUTICA MILITAR,,,,15970,,CIUDAD DE MÉXICO,,Venustiano Carranza,,Venustiano Carranza,,6,5557643866,,,Fijo,"19,42510864","-99,11717126"
CENTRO DEPORTIVO FELIPE TIBIO MUÑOZ, ALCALDÍA VENUSTIANO CARRANZA ,Centros de acondicionamiento físico del sector público,CALLE,XOCHITLAN SUR,CALLE,XOCOYOTE,CALLE,XOCHISTLAHUACA,CALLE,XOCOYOTE,,SN,,,,,COLONIA,ARENAL 4TA SECCION,,,,15640,,CIUDAD DE MÉXICO,,Venustiano Carranza,,Venustiano Carranza,,26,,,,Fijo,"19,43024807","-99,05861614"
CENTRO DEPORTIVO INGENIERO EDUARDO MOLINA,ALCALDÍA VENUSTIANO CARRANZA ,Centros de acondicionamiento físico del sector público,EJE VIAL,3 ORIENTE (INGENIERO EDUARDO MOLINA),CALLE,PELUQUEROS,CALLE,PROGRESO,CALLE,ORFEBRERÍA,,SN,,,,,COLONIA,MICHOACAN,,,,15240,,CIUDAD DE MÉXICO,,Venustiano Carranza,,Venustiano Carranza,,8,,,,Fijo,"19,44281689","-99,11301673"
CENTRO DEPORTIVO VELODROMO AGUSTIN MELGAR,ALCALDÍA VENUSTIANO CARRANZA ,Centros de acondicionamiento físico del sector público,CALLE,FERNANDO IGLESIAS CALDERON,AVENIDA,LUIS DE LA ROSA,EJE VIAL,3 SUR (MORELOS),CALLE,FERNANDO IGLESIAS CALDERÓN,,SN,,,,,COLONIA,JARDIN BALBUENA,,,,15900,,CIUDAD DE MÉXICO,,Venustiano Carranza,,Venustiano Carranza,,2,,,,Fijo,"19,40928823","-99,10896881"
CENTRO DEPORTIVO VENUSTIANO CARRANZA,ALCALDÍA VENUSTIANO CARRANZA,Centros de acondicionamiento físico del sector público,CALLE,SIDAR Y ROVIROSA,CALLE,RETORNO 1 CECILIO ROBELO,EJE VIAL,2 ORIENTE (HONORABLE CONGRESO DE LA UNION),CALLE,CECILIO ROBELO,,SN,,,,,COLONIA,AERONAUTICA MILITAR,,,,15960,,CIUDAD DE MÉXICO,,Venustiano Carranza,,Venustiano Carranza,,2,,CESACDUC@CDMX.GOB.MX,WWW.CARRANZA.CDMX.GOB.MX,Fijo,"19,42739309","-99,11812208"
CENTRO RECREATIVO Y FAMILIAR PARQUE GALINDO Y VILLA,DIRECCIÓN DE SERVICIOS URBANOS ,Parques de diversiones y temáticos del sector público,CIRCUITO,INTERIOR (JESUS GALINDO Y VILLA),VIADUCTO,RIO DE LA PIEDAD,CIRCUITO,INTERIOR (JESUS GALINDO Y VILLA),CIRCUITO,INTERIOR (JESÚS GALINDO Y VILLA),,SN,,,,,COLONIA,IGNACIO ZARAGOZA,,,,15000,,CIUDAD DE MÉXICO,,Venustiano Carranza,,Venustiano Carranza,,27,,,,Fijo,"19,41185717","-99,0976653"
CENTRO SOCIAL Y DEPORTIVO JOSE MARIA PINO SUAREZ,ALCALDÍA VENUSTIANO CARRANZA,Centros de acondicionamiento físico del sector público,CALZADA,CALZADA DE LA VIGA,CALLE,GUILLERMO PRIETO,CALLE,PRIVADA RANCHO DE LA CRUZ,CALLE,GUILLERMO PRIETO,,SN,EDIFICIO SIN NOMBRE,PISO 2,,,COLONIA,JAMAICA,,,,15800,,CIUDAD DE MÉXICO,,Venustiano Carranza,,Venustiano Carranza,,2,5557401627,,,Fijo,"19,40674128","-99,12604923"
CENTRO SOCIAL Y DEPORTIVO MOCTEZUMA,ALCALDÍA VENUSTIANO CARRANZA,Centros de acondicionamiento físico del sector público,CALLE,ORIENTE 158,CALLE,NORTE 29,CALLE,CALLE DEL MERCADO,CALLE,ORIENTE 164,225,,PARQUE RECREATIVO,PISO 1,,,COLONIA,MOCTEZUMA 2DA SECCION,PARQUE RECREATIVO,DEPORTIVO,225,15530,,CIUDAD DE MÉXICO,,Venustiano Carranza,,Venustiano Carranza,,7,5555714157,,,Fijo,"19,43406135","-99,09754592"
CENTRO SOCIAL Y DEPORTIVO PARQUE ZARAGOZA,ALCALDÍA VENUSTIANO CARRANZA ,Parques de diversiones y temáticos del sector público,CALZADA,GENERAL IGNACIO ZARAGOZA,EJE VIAL,4 ORIENTE (RIO CHURUBUSCO),CALZADA,GENERAL IGNACIO ZARAGOZA,CALZADA,GENERAL IGNACIO ZARAGOZA,,DOMICILIO CONOCIDO,,,,,COLONIA,PUEBLA,,,,15020,,CIUDAD DE MÉXICO,,Venustiano Carranza,,Venustiano Carranza,,27,,,,Fijo,"19,41046298","-99,0795416"
DEPORTIVO RAFAEL OZUNA,INSTITUTO DEL DEPORTE ,Centros de acondicionamiento físico del sector público,CALLE,INTERIOR (BOULEVARD PUERTO AEREO),CALLE,ORIENTE 182,CALLE,NORTE 21,CALLE,INTERIOR (BOULEVARD PUERTO AÉREO),,SN,EDIFICIO SIN NOMBRE,PISO 1,,,COLONIA,MOCTEZUMA 2DA SECC,,,,15530,,CIUDAD DE MÉXICO,,Venustiano Carranza,,Venustiano Carranza,,16,,,,Fijo,"19,42794095","-99,09250891"
PARQUE DE CONVIVENCIA VALENTIN GOMES FARIAS,,Parques de diversiones y temáticos del sector público,CALLE,33,CALZADA,GENERAL IGNACIO ZARAGOZA,CALZADA,GENERAL IGNACIO ZARAGOZA,CALZADA,GENERAL IGNACIO ZARAGOZA,,SN,,,,,COLONIA,4 ARBOLES,,,,15010,,CIUDAD DE MÉXICO,,Venustiano Carranza,,Venustiano Carranza,,28,5557712413,,,Fijo,"19,41621252","-99,08995791"
PARQUE JARDIN DEL OBRERO,ALCALDÍA VENUSTIANO CARRANZA,Parques de diversiones y temáticos del sector público,CALLE,COMPAS,CALLE,YUNQUE,EJE VIAL,2 SUR (AVENIDA DEL TALLER),CALLE,JARDÍN DEL OBRERO,,SN,,,,,COLONIA,AARON SAENZ,,,,15830,,CIUDAD DE MÉXICO,,Venustiano Carranza,,Venustiano Carranza,,13,,,,Fijo,"19,41345745","-99,12282413"
PLAZA CIVICA VENUSTIANO CARRANZA,ALCALDÍA VENUSTIANO CARRANZA,Centros de acondicionamiento físico del sector público,VIADUCTO,RIO DE LA PIEDAD,EJE VIAL,3 ORIENTE (FRANCISCO DEL PASO Y TRONCOSO),CALLE,MANZANA O EDIFICACION CONTIGUA,EJE VIAL,3 ORIENTE (FRANCISCO DEL PASO Y TRONCOSO),0,SN,EDIFICIO SIN NOMBRE,PLANTA BAJA,0,,COLONIA,JARDIN BALBUENA,,,,15850,,CIUDAD DE MÉXICO,,Venustiano Carranza,,Venustiano Carranza,,41,5586879400,,,Fijo,"19,40632249","-99,11261626"
CAM CASA DEL ADULTO MAYOR SANTA CRUZ XOCHITEPEC,ALCALDÍA XOCHIMILCO ,Clubes deportivos del sector público,CALLE,COMERCIO,AVENIDA,COMERCIO,AVENIDA,COMERCIO,CERRADA,ZAPOCO,0,SN,,,0,,PUEBLO,SANTA CRUZ XOCHITEPEC,,,,16100,,CIUDAD DE MÉXICO,,Xochimilco,,Xochimilco,,30,,,,Fijo,"19,25393744","-99,13006031"
CANCHAS DE FUTBOL RÁPIDO ,ALCALDÍA XOCHIMILCO ,Centros de acondicionamiento físico del sector público,CALLE,AVENIDA CANAL NACIONAL CHALCO-AMECAMECA,CALLE,HERMENEGILDO GALEANA (NIÑOS HEROES),CALLE,NICOLAS BRAVO,AVENIDA,DIVISIÓN DEL NORTE,,SN,,,,,BARRIO,CALYEQUITA,,,,16750,,CIUDAD DE MÉXICO,,Xochimilco,,Xochimilco,,22,,,,Fijo,"19,25487575","-99,01034747"
CENTRO DEPORTIVO XOCHIMILCO, ALCALDÍA XOCHIMILCO ,Centros de acondicionamiento físico del sector público,CALLE,FRANCISCO GOYTIA,CALLE,REDENCION,CALLE,NUEVA CARRETERA XOCHIMILCO-TULYEHUALCO (16 DE SEPTIEMBRE),CALLE,MAÍZ,0,SN,,,0,,BARRIO,SAN PEDRO,,,,16090,,CIUDAD DE MÉXICO,,Xochimilco,,Xochimilco,,1,5556533335,,,Fijo,"19,25562993","-99,1062336"
DEPORTIVO EL ESCONDIDO,ALCALDÍA XOCHIMILCO ,Centros de acondicionamiento físico del sector público,CALLE,AHUEHUETE,CERRADA,NINGUNO,CERRADA,LAZARO CARDENAS,CERRADA,LÁZARO CÁRDENAS,,SN,,,,,PUEBLO,SAN LUIS TLAXIALTEMALCO,,,,16610,,CIUDAD DE MÉXICO,,Xochimilco,,Xochimilco,,27,,,,Fijo,"19,25840912","-99,04051313"
DEPORTIVO POPULAR SANTA CRUZ XOCHITEPEC,ALCALDÍA XOCHIMILCO ,Centros de acondicionamiento físico del sector público,CALLE,CAMPO DEPORTIVO,AVENIDA,COMERCIO,AVENIDA,COMERCIO,CERRADA,ZAPOCO,0,SN,,,0,,PUEBLO,SANTA CRUZ XOCHITEPEC,,,,16100,,CIUDAD DE MÉXICO,,Xochimilco,,Xochimilco,,30,,,,Fijo,"19,25403255","-99,13019573"
DEPORTIVO POPULAR DE SANTA MARIA TEPEPAN,ALCALDÍA XOCHIMILCO ,Clubes deportivos del sector público,CALLE,CUAUHTEMOC,CALLE,IGNACIO ALDAMA,CERRADA,PANTEON,CALLE,IGNACIO ALDAMA,,SN,,,,,COLONIA,SANTA MARIA TEPEPAN,,,,16020,,CIUDAD DE MÉXICO,,Xochimilco,,Xochimilco,,22,,,,Fijo,"19,27523429","-99,1382572"
DEPORTIVO POPULAR SAN GREGORIO ATLAPULCO,ALCALDÍA XOCHIMILCO ,Centros de acondicionamiento físico del sector público,AVENIDA,NUEVO LEON,PRIVADA,NINGUNO,AVENIDA,CHAPULTEPEC,CALLE,MOYOTEPEC,,SN,,,,,PUEBLO,SANTA CRUZ ACALPIXCA,,,,16500,,CIUDAD DE MÉXICO,,Xochimilco,,Xochimilco,,16,,,,Fijo,"19,2551622","-99,06687819"
DEPORTIVO SAN ANDRES,ALCALDÍA DE XOCHIMILCO ,Centros de acondicionamiento físico del sector público,CALLE,BENITO JUAREZ,CALLE,NICOLAS BRAVO,PRIVADA,ANDRES,CERRADA,PRIMERA FRESNO,,SN,,,,,PUEBLO,SAN ANDRES AHUAYUCAN,,,,16400,,CIUDAD DE MÉXICO,,Xochimilco,,Xochimilco,,6,,,,Fijo,"19,22843762","-99,10753879"
DEPORTIVO TULYEHUALCO,ALCALDÍA XOCHIMILCO ,Centros de acondicionamiento físico del sector público,CALLE,FRANCISCO I. MADERO,CALLE,AMARANTO,CALLE,LAS ÁNIMAS,AVENIDA,AQUILES SERDÁN,0,SN,,,0,,COLONIA,LA LUPITA,,,,16740,,CIUDAD DE MÉXICO,,Xochimilco,,Xochimilco,,1,,,,Fijo,"19,25604305","-99,02012097"
FRONTON DE TULYEHUALCO,,Centros de acondicionamiento físico del sector público,CALLE,AMARANTO,AVENIDA,AQUILES SERDAN,CALLE,FRANCISCO I. MADERO,CALLE,LAS ÁNIMAS,0,SN,,,0,,COLONIA,LA LUPITA,,,,16740,,CIUDAD DE MÉXICO,,Xochimilco,,Xochimilco,,1,5526982159,,,Fijo,"19,25712971","-99,02129473"
GIMNASIO DE BASQUETBOL,ALCALDÍA XOCHIMILCO ,Centros de acondicionamiento físico del sector público,CALLE,FRANCISCO I. MADERO,CALLE,AMARANTO,CALLE,LAS ÁNIMAS,AVENIDA,AQUILES SERDÁN,23,,,,0,SN,COLONIA,LA GUADALUPITA TULYEHUALCO,,,,16740,,CIUDAD DE MÉXICO,,Xochimilco,,Xochimilco,,1,,,,Fijo,"19,25639323","-99,02122315"
MODULO DEPORTIVO NUEVA TENOCHTITLAN,ALCALDÍA XOCHIMILCO ,Centros de acondicionamiento físico del sector público,CALLE,CHABACANO,CALLE,NINGUNO,CALLE,AHUEJOTE,CALLE,CIRUELO,,SN,,,,,PUEBLO,SANTA CRUZ ACALPIXCA,,,,16500,,CIUDAD DE MÉXICO,,Xochimilco,,Xochimilco,,27,,,,Fijo,"19,25528259","-99,07332453"
PISTA OLIMPICA DE REMO Y CANOTAJE VIRGILIO URIBE,INDEPORTE,Centros de acondicionamiento físico del sector público,CALLE,ANTIGUO CANAL CUEMANCO,CALLE,SIN REFERENCIA,CALLE,NINGUNO,CALLE,ANTIGUO CANAL CUEMANCO,,SN,,,,,COLONIA,ANTIGUO CANAL DE CUEMANCO,,,,16034,,CIUDAD DE MÉXICO,,Xochimilco,,Xochimilco,,1,,ADRIANAREYESBOTAS.INDEPORTE@GMAIL.COM,,Fijo,"19,28998421","-99,10183997"
ACADEMIA DE NATACIÓN MEXICA,,Parques acuáticos y balnearios del sector público,CALLE,CAMINO ANTIGUO A SAN ANDRES,CALLE,CAMINO REAL DE LOS OLIVOS,CALLE,CAMINO ANTIGUO A SAN ANDRES,PRIVADA,AMAPOLAS,52,,,,,,PUEBLO,SANTA INES,,,,16800,,CIUDAD DE MÉXICO,,Xochimilco,,Xochimilco,,1,,,,Fijo,"19,23036601","-99,11304143"