CLAVE_ID,NOMBRE_PILARES*,ESTATUS,REGION,ALCALDIA,LATITUD,LONGITUD
001_NT_GAM,RICHARD WAGNER,01. EN OPERACIÓN,NORTE,GUSTAVO A. MADERO,19.46552,-99.129176
002_NT_AZC,XALLI,01. EN OPERACIÓN,NORTE,AZCAPOTZALCO,19.46423704,-99.15194467
003_PT_AOB,LA ARAÑA,01. EN OPERACIÓN,PONIENTE,ALVARO OBREGON,19.36265,-99.240295
004_PT_AOB,EL CAPULIN,01. EN OPERACIÓN,PONIENTE,ALVARO OBREGON,19.395614,-99.212233
005_PT_AOB,JALALPA TEPITO,01. EN OPERACIÓN,PONIENTE,ALVARO OBREGON,19.374318,-99.236969
006_PT_CUM,CHIMALPA,01. EN OPERACIÓN,PONIENTE,CUAJIMALPA DE MORELOS,19.353062,-99.317566
007_NT_GAM,BENITA GALEANA,01. EN OPERACIÓN,NORTE,GUSTAVO A. MADERO,19.455286,-99.100512
008_NT_GAM,TLALPEXCO,01. EN OPERACIÓN,NORTE,GUSTAVO A. MADERO,19.544812,-99.125766
009_CO_IZT,JOSÉ MARTÍ,01. EN OPERACIÓN,CENTRO ORIENTE,IZTACALCO,19.39048,-99.121215
010_CO_IZT,AGRICOLA PANTITLAN,01. EN OPERACIÓN,CENTRO ORIENTE,IZTACALCO,19.41551309,-99.0683394
011_IZ_IZP,ACAHUALTEPEC,01. EN OPERACIÓN,IZTAPALAPA,IZTAPALAPA,19.346043,-99.008134
012_IZ_IZP,GABRIELA MISTRAL,01. EN OPERACIÓN,IZTAPALAPA,IZTAPALAPA,19.35998,-99.068819
013_CO_CUH,FRIDA KAHLO,01. EN OPERACIÓN,CENTRO ORIENTE,CUAUHTEMOC,19.4106,-99.144
014_CO_CUH,SAN SIMON TOLNAHUAC,01. EN OPERACIÓN,CENTRO ORIENTE,CUAUHTEMOC,19.461433,-99.14375
015_SU_TLH,ROSARIO CASTELLANOS,01. EN OPERACIÓN,SUR,TLAHUAC,19.278319,-99.007967
016_SU_TLH,GARCÍA LORCA,01. EN OPERACIÓN,SUR,TLAHUAC,19.31159,-99.036944
017_SP_MAC,HUAYATLA,01. EN OPERACIÓN,SUR PONIENTE,LA MAGDALENA CONTRERAS,19.30544674,-99.24849237
018_CO_CUH,ATLAMPA,01. EN OPERACIÓN,CENTRO ORIENTE,CUAUHTEMOC,19.460463,-99.160073
019_IZ_IZP,COOPEREMOS PUEBLO,01. EN OPERACIÓN,IZTAPALAPA,IZTAPALAPA,19.341289,-99.040762
020_IZ_IZP,CENTRAL DE ABASTOS,01. EN OPERACIÓN,IZTAPALAPA,IZTAPALAPA,19.373836,-99.099146
021_SP_COY,EMILIANO ZAPATA,01. EN OPERACIÓN,SUR PONIENTE,COYOACAN,19.32692481,-99.13787778
022_SP_COY,CANTERA,01. EN OPERACIÓN,SUR PONIENTE,COYOACAN,19.317944,-99.171981
023_SU_MIA,CUAUHTENCO,01. EN OPERACIÓN,SUR,MILPA ALTA,19.193876,-99.091524
024_PT_AOB,BELEN DE LAS FLORES,01. EN OPERACIÓN,PONIENTE,ALVARO OBREGON,19.396861,-99.217406
025_SU_XOC,SAN GREGORIO ATLAPULCO,01. EN OPERACIÓN,SUR,XOCHIMILCO,19.256314,-99.060836
026_IZ_IZP,FACUNDO CABRAL,01. EN OPERACIÓN,IZTAPALAPA,IZTAPALAPA,19.343614,-99.102431
027_IZ_IZP,CERRO DE LA ESTRELLA,01. EN OPERACIÓN,IZTAPALAPA,IZTAPALAPA,19.345443,-99.081523
028_SU_XOC,SAN LUCAS XOCHIMANCA,01. EN OPERACIÓN,SUR,XOCHIMILCO,19.244316,-99.114246
029_SU_XOC,SANTA CECILIA,01. EN OPERACIÓN,SUR,XOCHIMILCO,19.216107,-99.099106
030_SU_XOC,SANTIAGO TEPALCATLALPAN,01. EN OPERACIÓN,SUR,XOCHIMILCO,19.247728,-99.127522
031_CO_IZT,ZAPATA VELA,01. EN OPERACIÓN,CENTRO ORIENTE,IZTACALCO,19.38245483,-99.09671609
032_SU_XOC,SAN FRANCISCO TLALNEPANTLA,01. EN OPERACIÓN,SUR,XOCHIMILCO,19.203271,-99.129225
033_SU_XOC,SANTIAGO TULYEHUALCO,01. EN OPERACIÓN,SUR,XOCHIMILCO,19.254388,-99.011498
034_CO_CUH,ZONA ROSA,01. EN OPERACIÓN,CENTRO ORIENTE,CUAUHTEMOC,19.424447,-99.165463
035_NT_AZC,MARGARITA MAZA DE JUAREZ,01. EN OPERACIÓN,NORTE,AZCAPOTZALCO,19.490142,-99.199114
036_NT_AZC,SAN MIGUEL AMANTLA,01. EN OPERACIÓN,NORTE,AZCAPOTZALCO,19.475268,-99.204372
037_PT_MIH,CANEGUÍN,01. EN OPERACIÓN,PONIENTE,MIGUEL HIDALGO,19.45478377,-99.2051239
038_SP_TLP,ECOGUARDAS,01. EN OPERACIÓN,SUR PONIENTE,TLALPAN,19.2710686,-99.2049895
039_SP_TLP,TIZIMÍN,01. EN OPERACIÓN,SUR PONIENTE,TLALPAN,19.2895422,-99.2164565
040_PT_AOB,SANTA FE,01. EN OPERACIÓN,PONIENTE,ALVARO OBREGON,19.382712,-99.240346
041_PT_AOB,LA CUESTA,01. EN OPERACIÓN,PONIENTE,ALVARO OBREGON,19.345656,-99.225719
042_PT_AOB,ISIDRO FABELA,01. EN OPERACIÓN,PONIENTE,ALVARO OBREGON,19.386039,-99.2088
043_PT_AOB,ARBOL DEL CONOCIMIENTO,01. EN OPERACIÓN,PONIENTE,ALVARO OBREGON,19.384272,-99.222057
044_PT_AOB,LOMAS DE LA ERA,01. EN OPERACIÓN,PONIENTE,ALVARO OBREGON,19.325668,-99.259582
045_SU_TLH,PAULO FREIRE,01. EN OPERACIÓN,SUR,TLAHUAC,19.30596358,-99.05109654
046_SP_COY,VILLA PANAMERICANA,01. EN OPERACIÓN,SUR PONIENTE,COYOACAN,19.3077724,-99.173703
047_SP_COY,SANTA ÚRSULA,01. EN OPERACIÓN,SUR PONIENTE,COYOACAN,19.3098204,-99.156989
048_NT_AZC,SAN PEDRO XALPA,01. EN OPERACIÓN,NORTE,AZCAPOTZALCO,19.484135,-99.209489
049_SU_MIA,XALTIPAC,01. EN OPERACIÓN,SUR,MILPA ALTA,19.217081,-98.988892
050_CO_IZT,LA FORTALEZA,01. EN OPERACIÓN,CENTRO ORIENTE,IZTACALCO,19.388088,-99.091787
051_IZ_IZP,PALMITAS,01. EN OPERACIÓN,IZTAPALAPA,IZTAPALAPA,19.3389643,-99.02606751
052_IZ_IZP,SAN MIGUEL TEOTONGO,01. EN OPERACIÓN,IZTAPALAPA,IZTAPALAPA,19.3404005,-98.99265429
053_IZ_IZP,RENOVACIÓN,01. EN OPERACIÓN,IZTAPALAPA,IZTAPALAPA,19.36948436,-99.0469656
054_CO_BEJ,MUNICIPIO LIBRE,01. EN OPERACIÓN,CENTRO ORIENTE,BENITO JUAREZ,19.36804401,-99.1415778
055_NT_GAM,CENTENARIO,01. EN OPERACIÓN,NORTE,GUSTAVO A. MADERO,19.50909375,-99.09072065
056_CO_CUH,GLORIETA DE LOS INSURGENTES,01. EN OPERACIÓN,CENTRO ORIENTE,CUAUHTEMOC,19.42336697,-99.16289151
057_SU_MIA,SAN PEDRO ATOCPAN,01. EN OPERACIÓN,SUR,MILPA ALTA,19.20263831,-99.05214901
058_SU_MIA,SAN BARTOLOMÉ XICOMULCO,01. EN OPERACIÓN,SUR,MILPA ALTA,19.20686557,-99.07113939
059_CO_IZT,ROJO GOMEZ,01. EN OPERACIÓN,CENTRO ORIENTE,IZTACALCO,19.40474645,-99.07100882
060_SU_XOC,16 DE SEPTIEMBRE,01. EN OPERACIÓN,SUR,XOCHIMILCO,19.28098435,-99.13733025
061_NT_AZC,LA NARANJA,01. EN OPERACIÓN,NORTE,AZCAPOTZALCO,19.47447222,-99.21851639
062_NT_AZC,XOCHINAHUAC,01. EN OPERACIÓN,NORTE,AZCAPOTZALCO,19.50986423,-99.18922889
063_PT_AOB,PRESIDENTES,01. EN OPERACIÓN,PONIENTE,ALVARO OBREGON,19.377244,-99.221328
064_IZ_IZP,NOGAL,01. EN OPERACIÓN,IZTAPALAPA,IZTAPALAPA,19.34206455,-99.02278332
065_IZ_IZP,TETECÓN,01. EN OPERACIÓN,IZTAPALAPA,IZTAPALAPA,19.3224,-99.029
066_IZ_IZP,VILLA CID,01. EN OPERACIÓN,IZTAPALAPA,IZTAPALAPA,19.3216828,-99.04248678
067_PT_AOB,SANTA LUCIA,01. EN OPERACIÓN,PONIENTE,ALVARO OBREGON,19.3687329,-99.2228381
068_IZ_IZP,YAUTLICA,01. EN OPERACIÓN,IZTAPALAPA,IZTAPALAPA,19.33326161,-98.98393423
069_NT_GAM,100 METROS,01. EN OPERACIÓN,NORTE,GUSTAVO A. MADERO,19.52652299,-99.15889726
070_SU_TLH,MIXQUIC,01. EN OPERACIÓN,SUR,TLAHUAC,19.22624548,-98.95262915
071_CO_CUH,RIO TIBER,01. EN OPERACIÓN,CENTRO ORIENTE,CUAUHTEMOC,19.43275481,-99.17061276
072_IZ_IZP,PROGRESO SUR,01. EN OPERACIÓN,IZTAPALAPA,IZTAPALAPA,19.35663539,-99.11280312
073_CO_VCA,AVENIDA DEL TALLER,01. EN OPERACIÓN,CENTRO ORIENTE,VENUSTIANO CARRANZA,19.41364004,-99.11304295
074_IZ_IZP,ESCUADRÓN 201,01. EN OPERACIÓN,IZTAPALAPA,IZTAPALAPA,19.37009485,-99.1080226
075_IZ_IZP,SANTA CRUZ MEYEHUALCO,01. EN OPERACIÓN,IZTAPALAPA,IZTAPALAPA,19.34870843,-99.04452266
076_IZ_IZP,PURÍSIMA,01. EN OPERACIÓN,IZTAPALAPA,IZTAPALAPA,19.37914009,-99.10986649
077_IZ_IZP,CERRO AZÚL,01. EN OPERACIÓN,IZTAPALAPA,IZTAPALAPA,19.32604967,-99.02776001
078_PT_CUM,BENITO JUAREZ,01. EN OPERACIÓN,PONIENTE,CUAJIMALPA DE MORELOS,19.348256,-99.30927
079_SP_COY,SANTA ANA,01. EN OPERACIÓN,SUR PONIENTE,COYOACAN,19.32850044,-99.11413778
080_SP_TLP,CUCHILLA DE PADIERNA,01. EN OPERACIÓN,SUR PONIENTE,TLALPAN,19.27635603,-99.21624117
081_SP_MAC,LA MALINCHE,01. EN OPERACIÓN,SUR PONIENTE,LA MAGDALENA CONTRERAS,19.32373846,-99.23949193
082_SP_MAC,PARCELA,01. EN OPERACIÓN,SUR PONIENTE,LA MAGDALENA CONTRERAS,19.31057891,-99.26485576
083_SU_XOC,SAN LUIS TLAXIALTEMALCO,01. EN OPERACIÓN,SUR,XOCHIMILCO,19.25587238,-99.03555597
084_SP_COY,EL RELOJ,01. EN OPERACIÓN,SUR PONIENTE,COYOACAN,19.317323,-99.1416343
085_SU_TLH,MIGUEL HIDALGO,01. EN OPERACIÓN,SUR,TLAHUAC,19.2925366,-99.0459341
086_SU_TLH,MURCIÉLAGO,01. EN OPERACIÓN,SUR,TLAHUAC,19.29170307,-99.04931226
087_CO_CUH,BOLEO,01. EN OPERACIÓN,CENTRO ORIENTE,CUAUHTEMOC,19.45715699,-99.12400202
088_IZ_IZP,EMILIO ROSAS,01. EN OPERACIÓN,IZTAPALAPA,IZTAPALAPA,19.35275064,-99.05634482
089_CO_VCA,FRAY SERVANDO,01. EN OPERACIÓN,CENTRO ORIENTE,VENUSTIANO CARRANZA,19.41979781,-99.11151309
090_PT_MIH,PENSIL,01. EN OPERACIÓN,PONIENTE,MIGUEL HIDALGO,19.44921119,-99.19454828
091_IZ_IZP,LOMAS DE ZARAGOZA,01. EN OPERACIÓN,IZTAPALAPA,IZTAPALAPA,19.35848652,-98.99992783
092_NT_GAM,EJIDOS DE SAN JUAN DE ARAGÓN,01. EN OPERACIÓN,NORTE,GUSTAVO A. MADERO,19.4695318,-99.09131276
093_CO_CUH,CHABACANO,01. EN OPERACIÓN,CENTRO ORIENTE,CUAUHTEMOC,19.40790891,-99.13611471
094_CO_VCA,VIADUCTO,01. EN OPERACIÓN,CENTRO ORIENTE,VENUSTIANO CARRANZA,19.40641355,-99.11258994
095_NT_AZC,COLTONGO,01. EN OPERACIÓN,NORTE,AZCAPOTZALCO,19.48309907,-99.1536464
096_SP_COY,TAXQUEÑA,01. EN OPERACIÓN,SUR PONIENTE,COYOACAN,19.34213428,-99.14336138
097_NT_GAM,NUEVA ATZACOALCO,01. EN OPERACIÓN,NORTE,GUSTAVO A. MADERO,19.50065895,-99.08465324
098_SP_TLP,LA JOYA,01. EN OPERACIÓN,SUR PONIENTE,TLALPAN,19.27844113,-99.16756172
099_CO_CUH,SAN FRANCISCO TULTENCO,01. EN OPERACIÓN,CENTRO ORIENTE,CUAUHTEMOC,19.41092928,-99.12876031
100_IZ_IZP,CONSTITUCIÓN DE 1917,01. EN OPERACIÓN,IZTAPALAPA,IZTAPALAPA,19.34433503,-99.06111099
101_SP_COY,LA ESCUELITA,01. EN OPERACIÓN,SUR PONIENTE,COYOACAN,19.3259986,-99.16486341
102_NT_AZC,PRO HOGAR,01. EN OPERACIÓN,NORTE,AZCAPOTZALCO,19.474867,-99.149764
103_NT_GAM,BENEMÉRITO DE LAS AMÉRICAS,01. EN OPERACIÓN,NORTE,GUSTAVO A. MADERO,19.53501389,-99.1384494
104_PT_AOB,BARRIO NORTE,01. EN OPERACIÓN,PONIENTE,ALVARO OBREGON,19.37832706,-99.20617714
105_PT_AOB,OLIVAR DEL CONDE,01. EN OPERACIÓN,PONIENTE,ALVARO OBREGON,19.373912,-99.20479
106_SP_COY,TOPILZIN,01. EN OPERACIÓN,SUR PONIENTE,COYOACAN,19.32259054,-99.15816094
107_NT_GAM,MAGDALENA DE LAS SALINAS,01. EN OPERACIÓN,NORTE,GUSTAVO A. MADERO,19.47906004,-99.14622239
108_PT_AOB,CHAMONTOYA,01. EN OPERACIÓN,PONIENTE,ALVARO OBREGON,19.31798346,-99.26820951
109_PT_CUM,ZENTLAPATL,01. EN OPERACIÓN,PONIENTE,CUAJIMALPA DE MORELOS,19.35533857,-99.30946374
110_SU_TLH,TLALTENCO,01. EN OPERACIÓN,SUR,TLAHUAC,19.291073,-99.0093
111_NT_GAM,PUERTO MAZATLÁN,01. EN OPERACIÓN,NORTE,GUSTAVO A. MADERO,19.521406,-99.141952
112_IZ_IZP,TEPALCATES,01. EN OPERACIÓN,IZTAPALAPA,IZTAPALAPA,19.3929098,-99.05549973
113_NT_GAM,LA MUELA,01. EN OPERACIÓN,NORTE,GUSTAVO A. MADERO,19.532732,-99.143981
114_IZ_IZP,CASA DEL PUEBLO,01. EN OPERACIÓN,IZTAPALAPA,IZTAPALAPA,19.36404186,-99.00200511
115_IZ_IZP,BAMBÚ,01. EN OPERACIÓN,IZTAPALAPA,IZTAPALAPA,19.340415,-99.005283
116_NT_GAM,VIVERO,01. EN OPERACIÓN,NORTE,GUSTAVO A. MADERO,19.5621129,-99.1282979
117_CO_CUH,PERÚ 88,01. EN OPERACIÓN,CENTRO ORIENTE,CUAUHTEMOC,19.4398619,-99.1342918
118_CO_CUH,TEPITO,01. EN OPERACIÓN,CENTRO ORIENTE,CUAUHTEMOC,19.444194,-99.1305
119_PT_AOB,LAS ÁGUILAS,01. EN OPERACIÓN,PONIENTE,ALVARO OBREGON,19.36205534,-99.2056855
120_CO_BEJ,PORTALES,01. EN OPERACIÓN,CENTRO ORIENTE,BENITO JUAREZ,19.364258,-99.142814
121_PT_AOB,"GOMEZ FARÍAS, SANTA FE",01. EN OPERACIÓN,PONIENTE,ALVARO OBREGON,19.380313,-99.249652
122_CO_IZT,IZTACCÍHUATL,01. EN OPERACIÓN,CENTRO ORIENTE,IZTACALCO,19.38625395,-99.13045924
123_CO_VCA,CANDELARIA,01. EN OPERACIÓN,CENTRO ORIENTE,VENUSTIANO CARRANZA,19.4322,-99.119937
124_IZ_IZP,CARLOTA BOTEY,01. EN OPERACIÓN,IZTAPALAPA,IZTAPALAPA,19.34102704,-99.06631253
125_CO_IZT,COYUYA,01. EN OPERACIÓN,CENTRO ORIENTE,IZTACALCO,19.39834617,-99.1140067
126_SU_TLH,IXTAYOPAN,01. EN OPERACIÓN,SUR,TLAHUAC,19.24413665,-98.99431945
127_PT_AOB,RIO SAN BORJA,01. EN OPERACIÓN,PONIENTE,ALVARO OBREGON,19.37556944,-99.21685258
128_CO_BEJ,8 DE AGOSTO,01. EN OPERACIÓN,CENTRO ORIENTE,BENITO JUAREZ,19.39484488,-99.18794345
129_SP_COY,FRANCISCO J. MUJICA,01. EN OPERACIÓN,SUR PONIENTE,COYOACAN,19.325191,-99.1055611
130_PT_AOB,LA CONCHITA,01. EN OPERACIÓN,PONIENTE,ALVARO OBREGON,19.39262513,-99.20713928
131_CO_CUH,MONTERREY 206,01. EN OPERACIÓN,CENTRO ORIENTE,CUAUHTEMOC,19.41280546,-99.16279296
132_CO_CUH,PARQUE ABASOLO,01. EN OPERACIÓN,CENTRO ORIENTE,CUAUHTEMOC,19.449198,-99.147051
133_CO_CUH,NEZAHUALCÓYOTL,01. EN OPERACIÓN,CENTRO ORIENTE,CUAUHTEMOC,19.4255828,-99.14095989
134_NT_GAM,ALI CHUMACERO,01. EN OPERACIÓN,NORTE,GUSTAVO A. MADERO,19.51220899,-99.13986173
135_NT_GAM,VASCO DE QUIROGA,01. EN OPERACIÓN,NORTE,GUSTAVO A. MADERO,19.49584449,-99.09072108
136_NT_GAM,SAN FELIPE DE JESÚS,01. EN OPERACIÓN,NORTE,GUSTAVO A. MADERO,19.500881,-99.074265
137_CO_IZT,TEZONTLE,01. EN OPERACIÓN,CENTRO ORIENTE,IZTACALCO,19.38833899,-99.11237619
138_IZ_IZP,EL MOLINO TEZONCO,01. EN OPERACIÓN,IZTAPALAPA,IZTAPALAPA,19.29475562,-99.07146978
139_IZ_IZP,IXTLAHUACÁN,01. EN OPERACIÓN,IZTAPALAPA,IZTAPALAPA,19.342366,-98.996336
140_IZ_IZP,REPÚBLICA FEDERAL,01. EN OPERACIÓN,IZTAPALAPA,IZTAPALAPA,19.37121562,-99.01633286
141_IZ_IZP,TIERRA Y LIBERTAD,01. EN OPERACIÓN,IZTAPALAPA,IZTAPALAPA,19.338526,-98.978817
142_IZ_IZP,VALLE DE LUCES,01. EN OPERACIÓN,IZTAPALAPA,IZTAPALAPA,19.338014,-99.098174
143_PT_MIH,TLACOPAN,01. EN OPERACIÓN,PONIENTE,MIGUEL HIDALGO,19.46006316,-99.18981943
144_SU_TLH,ANA BOLENA,01. EN OPERACIÓN,SUR,TLAHUAC,19.29239006,-99.05466719
145_SU_TLH,COCODRILO ,01. EN OPERACIÓN,SUR,TLAHUAC,19.3018661,-99.05961735
146_SU_TLH,NOPALERA,01. EN OPERACIÓN,SUR,TLAHUAC,19.29645901,-99.05479049
147_SP_TLP,BELVEDERE,01. EN OPERACIÓN,SUR PONIENTE,TLALPAN,19.26736663,-99.22686186
148_SP_TLP,BOSQUES,01. EN OPERACIÓN,SUR PONIENTE,TLALPAN,19.27131237,-99.23764743
149_SP_TLP,CHICHICASPATL,01. EN OPERACIÓN,SUR PONIENTE,TLALPAN,19.27780494,-99.24268365
150_SP_TLP,TOPILEJO,01. EN OPERACIÓN,SUR PONIENTE,TLALPAN,19.198648,-99.141378
151_CO_VCA,ADOLFO LOPEZ MATEOS,01. EN OPERACIÓN,CENTRO ORIENTE,VENUSTIANO CARRANZA,19.421814,-99.07165409
152_CO_VCA,PELON OSUNA,01. EN OPERACIÓN,CENTRO ORIENTE,VENUSTIANO CARRANZA,19.42793313,-99.09220031
153_SU_XOC,ACUEXCOMATL,01. EN OPERACIÓN,SUR,XOCHIMILCO,19.25980549,-99.028139
154_SU_XOC,AHUALAPA,01. EN OPERACIÓN,SUR,XOCHIMILCO,19.246994,-99.070081
155_SU_XOC,SAN JUAN TEPEPAN,01. EN OPERACIÓN,SUR,XOCHIMILCO,19.271658,-99.127697
156_NT_AZC,FARO DE AZCAPOTZALCO,01. EN OPERACIÓN,NORTE,AZCAPOTZALCO,19.50698918,-99.20013168
157_NT_AZC,LAS SALINAS,01. EN OPERACIÓN,NORTE,AZCAPOTZALCO,19.48901724,-99.16626864
158_PT_CUM,CONTADERO,03. OBRA CONCLUIDA-SIN RECIBIR,PONIENTE,CUAJIMALPA DE MORELOS,19.34810782,-99.30268905
159_NT_GAM,OCEANÍA,01. EN OPERACIÓN,NORTE,GUSTAVO A. MADERO,19.45127287,-99.08061815
160_NT_GAM,COMPOSITORES MEXICANOS,03. OBRA CONCLUIDA-SIN RECIBIR,NORTE,GUSTAVO A. MADERO,19.56692477,-99.13931264
161_NT_GAM,CUCHILLA DEL TESORO,01. EN OPERACIÓN,NORTE,GUSTAVO A. MADERO,19.44843997,-99.05277572
162_NT_GAM,ESTRELLA,02. RECIBIDO SECTEI,NORTE,GUSTAVO A. MADERO,19.47593454,-99.11571392
163_NT_GAM,GERTRUDIS SANCHEZ,01. EN OPERACIÓN,NORTE,GUSTAVO A. MADERO,19.46403443,-99.10120262
164_NT_GAM,GRAN CANAL ,01. EN OPERACIÓN,NORTE,GUSTAVO A. MADERO,19.48054514,-99.08919728
165_NT_GAM,HEROES DE CERRO PRIETO,03. OBRA CONCLUIDA-SIN RECIBIR,NORTE,GUSTAVO A. MADERO,19.45255566,-99.09698543
166_NT_GAM,JOYA DE NIEVES,03. OBRA CONCLUIDA-SIN RECIBIR,NORTE,GUSTAVO A. MADERO,19.5592039,-99.11799615
167_NT_GAM,REVOLUCIÓN,01. EN OPERACIÓN,NORTE,GUSTAVO A. MADERO,19.54093082,-99.14217832
168_NT_GAM,ARAGON VI,01. EN OPERACIÓN,NORTE,GUSTAVO A. MADERO,19.46665897,-99.06571685
169_NT_GAM,ARAGON VII,03. OBRA CONCLUIDA-SIN RECIBIR,NORTE,GUSTAVO A. MADERO,19.471326,-99.0751677
170_NT_GAM,TABLAS DE SAN AGUSTÍN,02. RECIBIDO SECTEI,NORTE,GUSTAVO A. MADERO,19.46344957,-99.11364365
171_NT_GAM,TOKIO,01. EN OPERACIÓN,NORTE,GUSTAVO A. MADERO,19.57650442,-99.1349827
172_NT_GAM,TRES ESTRELLAS,02. RECIBIDO SECTEI,NORTE,GUSTAVO A. MADERO,19.47133213,-99.11102019
173_IZ_IZP,EL MOLINO,01. EN OPERACIÓN,IZTAPALAPA,IZTAPALAPA,19.29212523,-99.0624433
174_IZ_IZP,PARQUE PATOLLI,03. OBRA CONCLUIDA-SIN RECIBIR,IZTAPALAPA,IZTAPALAPA,19.36941332,-99.00866961
175_IZ_IZP,PLAZA DE LOS JÓVENES,01. EN OPERACIÓN,IZTAPALAPA,IZTAPALAPA,19.33174321,-99.01737661
176_IZ_IZP,REFORMA POLÍTICA,01. EN OPERACIÓN,IZTAPALAPA,IZTAPALAPA,19.34383683,-99.03173311
177_PT_MIH,CASA AMARILLA,01. EN OPERACIÓN,PONIENTE,MIGUEL HIDALGO,19.40631921,-99.18927986
178_PT_MIH,PARQUE SALESIANO,01. EN OPERACIÓN,PONIENTE,MIGUEL HIDALGO,19.44771018,-99.17716809
179_SU_MIA,SAN PABLO OZTOTEPEC,01. EN OPERACIÓN,SUR,MILPA ALTA,19.18325576,-99.07519805
180_SU_MIA,MIACATLÁN,01. EN OPERACIÓN,SUR,MILPA ALTA,19.19317313,-99.00978302
181_SU_MIA,SAN JUAN TEPENAHUAC,01. EN OPERACIÓN,SUR,MILPA ALTA,19.18720959,-98.99413117
182_SU_MIA,MILPA ALTA ,03. OBRA CONCLUIDA-SIN RECIBIR,SUR,MILPA ALTA,19.19367282,-99.01897148
183_SP_TLP,SAN LORENZO HUIPULCO,01. EN OPERACIÓN,SUR PONIENTE,TLALPAN,19.3010403,-99.14712648
184_SP_TLP,SAN MIGUEL AJUSCO,03. OBRA CONCLUIDA-SIN RECIBIR,SUR PONIENTE,TLALPAN,19.22885784,-99.19511568
185_CO_IZT,SANTA ANITA,01. EN OPERACIÓN,CENTRO ORIENTE,IZTACALCO,19.40381943,-99.12153088
186_CO_VCA,PARQUE VELODROMO,01. EN OPERACIÓN,CENTRO ORIENTE,VENUSTIANO CARRANZA,19.41056743,-99.10257134
187_SU_XOC,SAN LORENZO ATEMOAYA,01. EN OPERACIÓN,SUR,XOCHIMILCO,19.2444674,-99.10146192
188_PT_AOB,MERCED GÓMEZ,04. EN OBRA,PONIENTE,ALVARO OBREGON,19.36649208,-99.19612849
189_PT_AOB,LA COMUNA ÁLVARO OBREGÓN,04. EN OBRA,PONIENTE,ALVARO OBREGON,19.37282578,-99.21379404
190_PT_AOB,LOMAS DE BECERRA,04. EN OBRA,PONIENTE,ALVARO OBREGON,19.38609525,-99.21841204
191_NT_AZC,CEYLAN,04. EN OBRA,NORTE,AZCAPOTZALCO,19.4777922,-99.1630695
192_NT_AZC,REAL DE SAN MARTÍN,03. OBRA CONCLUIDA-SIN RECIBIR,NORTE,AZCAPOTZALCO,19.49755297,-99.18781516
193_NT_AZC,ELECTRICISTAS,04. EN OBRA,NORTE,AZCAPOTZALCO,19.47569136,-99.17979264
194_NT_AZC,TEPANTONGO,04. EN OBRA,NORTE,AZCAPOTZALCO,19.48972772,-99.18604239
195_CO_BEJ,DEPORTIVO ARNAIZ,04. EN OBRA,CENTRO ORIENTE,BENITO JUAREZ,19.3834868,-99.18754062
196_SP_COY,FAMILIA MAZA DE JUAREZ,04. EN OBRA,SUR PONIENTE,COYOACAN,19.33215197,-99.17112606
197_CO_CUH,TRÁNSITO,04. EN OBRA,CENTRO ORIENTE,CUAUHTEMOC,19.42260423,-99.13274068
198_NT_GAM,AMPLIACIÓN PROVIDENCIA,01. EN OPERACIÓN,NORTE,GUSTAVO A. MADERO,19.478828,-99.070163
199_NT_GAM,BOSQUE DE ARAGÓN,03. OBRA CONCLUIDA-SIN RECIBIR,NORTE,GUSTAVO A. MADERO,19.46357851,-99.07888781
200_NT_GAM,SANTIAGO ATZACOALCO,04. EN OBRA,NORTE,GUSTAVO A. MADERO,19.498347,-99.097498
201_NT_GAM,CASTILLO CHICO,04. EN OBRA,NORTE,GUSTAVO A. MADERO,19.5399227,-99.13416574
202_NT_GAM,GIRASOL,03. OBRA CONCLUIDA-SIN RECIBIR,NORTE,GUSTAVO A. MADERO,19.55957536,-99.14715459
203_NT_GAM,TIXTLA,02. RECIBIDO SECTEI,NORTE,GUSTAVO A. MADERO,19.500859,-99.100442
204_NT_GAM,IXHUATEPEC,04. EN OBRA,NORTE,GUSTAVO A. MADERO,19.508763,-99.108614
205_NT_GAM,MALACATES,03. OBRA CONCLUIDA-SIN RECIBIR,NORTE,GUSTAVO A. MADERO,19.575041,-99.128621
206_NT_GAM,MARTÍN CARRERA,04. EN OBRA,NORTE,GUSTAVO A. MADERO,19.4855962,-99.11314966
207_NT_GAM,SALVADOR DIAZ MIRON,01. EN OPERACIÓN,NORTE,GUSTAVO A. MADERO,19.488118,-99.09937
208_NT_GAM,ARAGON II,01. EN OPERACIÓN,NORTE,GUSTAVO A. MADERO,19.4544087,-99.085515
209_NT_GAM,SANTA MARIA TICOMAN,02. RECIBIDO SECTEI,NORTE,GUSTAVO A. MADERO,19.516494,-99.133333
210_NT_GAM,PROGRESO NACIONAL,01. EN OPERACIÓN,NORTE,GUSTAVO A. MADERO,19.51633286,-99.1528185
211_NT_GAM,PROVIDENCIA,03. OBRA CONCLUIDA-SIN RECIBIR,NORTE,GUSTAVO A. MADERO,19.48466,-99.070618
212_NT_GAM,VILLA DE ARAGÓN,01. EN OPERACIÓN,NORTE,GUSTAVO A. MADERO,19.46282411,-99.05811859
213_CO_IZT,AGRÍCOLA ORIENTAL,03. OBRA CONCLUIDA-SIN RECIBIR,CENTRO ORIENTE,IZTACALCO,19.38489394,-99.06595309
214_CO_IZT,TECMA,01. EN OPERACIÓN,CENTRO ORIENTE,IZTACALCO,19.38827144,-99.11608172
215_IZ_IZP,APATLACO,01. EN OPERACIÓN,IZTAPALAPA,IZTAPALAPA,19.38175804,-99.11482218
216_IZ_IZP,SANTA MARÍA AZTAHUACÁN II,04. EN OBRA,IZTAPALAPA,IZTAPALAPA,19.35385058,-99.03550478
217_IZ_IZP,LEYES DE REFORMA III SECCIÓN 2,04. EN OBRA,IZTAPALAPA,IZTAPALAPA,19.37470532,-99.06293757
218_IZ_IZP,CALMECAC,01. EN OPERACIÓN,IZTAPALAPA,IZTAPALAPA,19.3340288,-98.99695666
219_IZ_IZP,EJÉRCITO DE ORIENTE ZONA PEÑÓN,03. OBRA CONCLUIDA-SIN RECIBIR,IZTAPALAPA,IZTAPALAPA,19.3670866,-99.02808348
220_IZ_IZP,SANTA MARÍA TOMATLÁN,02. RECIBIDO SECTEI,IZTAPALAPA,IZTAPALAPA,19.3221202,-99.09993204
221_IZ_IZP,PARQUE NACIONAL,03. OBRA CONCLUIDA-SIN RECIBIR,IZTAPALAPA,IZTAPALAPA,19.33004767,-99.09355165
222_IZ_IZP,EJÉRCITO DE AGUA PRIETA,01. EN OPERACIÓN,IZTAPALAPA,IZTAPALAPA,19.36626809,-99.03989584
223_IZ_IZP,LA COMUNA IZTAPALAPA,04. EN OBRA,IZTAPALAPA,IZTAPALAPA,19.32682524,-99.03964513
224_IZ_IZP,LOMAS DE LA ESTANCIA,01. EN OPERACIÓN,IZTAPALAPA,IZTAPALAPA,19.34040294,-99.00764514
225_IZ_IZP,PRESIDENTES DE MÉXICO,04. EN OBRA,IZTAPALAPA,IZTAPALAPA,19.33241637,-99.05674418
226_IZ_IZP,SAN ANDRÉS TETEPILCO,03. OBRA CONCLUIDA-SIN RECIBIR,IZTAPALAPA,IZTAPALAPA,19.36890082,-99.13090039
227_IZ_IZP,SAN LORENZO TEZONCO,03. OBRA CONCLUIDA-SIN RECIBIR,IZTAPALAPA,IZTAPALAPA,19.30637494,-99.0648227
228_IZ_IZP,DESARROLLO URBANO QUETZALCÓATL,04. EN OBRA,IZTAPALAPA,IZTAPALAPA,19.33724315,-99.04646976
229_SP_MAC,LA CAÑADA,03. OBRA CONCLUIDA-SIN RECIBIR,SUR PONIENTE,LA MAGDALENA CONTRERAS,19.30077342,-99.24977844
230_SP_MAC,SAN FRANCISCO,01. EN OPERACIÓN,SUR PONIENTE,LA MAGDALENA CONTRERAS,19.31228931,-99.23337213
231_SP_MAC,SAN BERNABÉ OCOTEPEC,04. EN OBRA,SUR PONIENTE,LA MAGDALENA CONTRERAS,19.32070981,-99.25823773
232_SP_MAC,PRIANI,03. OBRA CONCLUIDA-SIN RECIBIR,SUR PONIENTE,LA MAGDALENA CONTRERAS,19.30641095,-99.23301367
233_SP_MAC,TIERRA UNIDA,04. EN OBRA,SUR PONIENTE,LA MAGDALENA CONTRERAS,19.30227258,-99.27006134
234_SU_MIA,SAN LORENZO TLACOYUCAN,02. RECIBIDO SECTEI,SUR,MILPA ALTA,19.17755514,-99.03019848
235_SU_TLH,QUETZALCÓATL,04. EN OBRA,SUR,TLAHUAC,19.29496771,-99.01365631
236_SU_TLH,SAN NICOLÁS TETELCO,04. EN OBRA,SUR,TLAHUAC,19.21770009,-98.97245802
237_SU_TLH,SANTA CATARINA,01. EN OPERACIÓN,SUR,TLAHUAC,19.31896263,-98.96222029
238_SU_TLH,SELENE,02. RECIBIDO SECTEI,SUR,TLAHUAC,19.29557385,-98.9978816
239_SU_TLH,TIERRA BLANCA,01. EN OPERACIÓN,SUR,TLAHUAC,19.239282,-99.005133
240_SP_TLP,METROPOLITANA BOSQUES,03. OBRA CONCLUIDA-SIN RECIBIR,SUR PONIENTE,TLALPAN,19.2706929,-99.24339629
241_SP_TLP,LOMAS DE PADIERNA-SAN NICOLÁS,02. RECIBIDO SECTEI,SUR PONIENTE,TLALPAN,19.29118047,-99.23003023
242_SP_TLP,MIGUEL HIDALGO,01. EN OPERACIÓN,SUR PONIENTE,TLALPAN,19.2847135,-99.1958988
243_SP_TLP,ZAPOTE,04. EN OBRA,SUR PONIENTE,TLALPAN,19.3002699,-99.17884177
244_SP_TLP,PEDREGAL DE LAS ÁGUILAS,04. EN OBRA,SUR PONIENTE,TLALPAN,19.27208354,-99.17621361
245_SP_TLP,LOMAS DE CUILOTEPEC,04. EN OBRA,SUR PONIENTE,TLALPAN,19.27237446,-99.23364075
246_SP_TLP,TEPEXIMILPA,04. EN OBRA,SUR PONIENTE,TLALPAN,19.27282216,-99.19047259
247_CO_VCA,PARQUE ALAMEDA ORIENTE,01. EN OPERACIÓN,CENTRO ORIENTE,VENUSTIANO CARRANZA,19.43218261,-99.05278608
248_CO_VCA,FELIPE ÁNGELES,01. EN OPERACIÓN,CENTRO ORIENTE,VENUSTIANO CARRANZA,19.45238905,-99.11353083
249_CO_VCA,20 DE NOVIEMBRE,02. RECIBIDO SECTEI,CENTRO ORIENTE,VENUSTIANO CARRANZA,19.44745779,-99.10317604
250_CO_VCA,COPIL,01. EN OPERACIÓN,CENTRO ORIENTE,VENUSTIANO CARRANZA,19.4372218,-99.08568794
251_SU_XOC,MUYUGUARDA,01. EN OPERACIÓN,SUR,XOCHIMILCO,19.27553051,-99.11849574
252_SU_XOC,BODOQUEPA,04. EN OBRA,SUR,XOCHIMILCO,19.26859558,-99.10026672
253_SU_XOC,DEPORTIVO XOCHIMILCO,04. EN OBRA,SUR,XOCHIMILCO,19.25554713,-99.1065105
254_SU_XOC,SAN ANDRÉS AHUAYUCAN,03. OBRA CONCLUIDA-SIN RECIBIR,SUR,XOCHIMILCO,19.224374,-99.10889
255_SU_XOC,SAN MARCOS ,01. EN OPERACIÓN,SUR,XOCHIMILCO,19.27009751,-99.1117879
256_IZ_IZP,VIVERO NEZA,04. EN OBRA,SUR,XOCHIMILCO,19.2913586,-99.07710361
257_SU_XOC,XOCHITEPEC,04. EN OBRA,SUR,XOCHIMILCO,19.25840985,-99.13070193
258_PT_AOB,PILOTO,04. EN OBRA,PONIENTE,ALVARO OBREGON,19.37152133,-99.23236483
259_PT_AOB,SANTA LUCÍA-RÍO MIXCOAC,04. EN OBRA,PONIENTE,ALVARO OBREGON,19.35602,-99.2519209
260_NT_AZC,EL ROSARIO,04. EN OBRA,NORTE,AZCAPOTZALCO,19.512964,-99.200858
261_SP_COY,CARMEN SERDÁN,04. EN OBRA,SUR PONIENTE,COYOACAN,19.3206779,-99.1129895
262_SP_COY,HUAYAMILPAS,04. EN OBRA,SUR PONIENTE,COYOACAN,19.32489956,-99.14833155
263_CO_CUH,BUENOS AIRES,04. EN OBRA,CENTRO ORIENTE,CUAUHTEMOC,19.4060822,-99.1484339
264_NT_GAM,CANDELARIA TICOMAN,04. EN OBRA,NORTE,GUSTAVO A. MADERO,19.522741,-99.132439
265_NT_GAM,CHALMA DE GUADALUPE,04. EN OBRA,NORTE,GUSTAVO A. MADERO,19.5459527,-99.1523634
266_IZ_IZP,EJÉRCITO DE ORIENTE,04. EN OBRA,IZTAPALAPA,IZTAPALAPA,19.3783316,-99.0364128
267_IZ_IZP,PARQUE CUITLÁHUAC,04. EN OBRA,IZTAPALAPA,IZTAPALAPA,19.3639345,-99.0481115
268_IZ_IZP,EJÉRCITO CONSTITUCIONALISTA,04. EN OBRA,IZTAPALAPA,IZTAPALAPA,19.3866142,-99.0573051
269_IZ_IZP,LOMAS DE SAN LORENZO,04. EN OBRA,IZTAPALAPA,IZTAPALAPA,19.32122857,-99.06555694
270_IZ_IZP,SAN JUAN JOYA,01. EN OPERACIÓN,IZTAPALAPA,IZTAPALAPA,19.3359824,-99.0671796
271_IZ_IZP,VICENTE GUERRERO,04. EN OBRA,IZTAPALAPA,IZTAPALAPA,19.35487578,-99.05910923
272_IZ_IZP,ZACATEPEC,04. EN OBRA,IZTAPALAPA,IZTAPALAPA,19.32620934,-98.97312123
273_SP_MAC,SAN BERNABÉ OCOTEPEC-OASIS,04. EN OBRA,SUR PONIENTE,LA MAGDALENA CONTRERAS,19.3084336,-99.25610294
274_SU_MIA,SANTA ANA TLACOTENCO,04. EN OBRA,SUR,MILPA ALTA,19.1776564,-99.0031971
275_SU_TLH,SAN JOSÉ,04. EN OBRA,SUR,TLAHUAC,19.2760494,-98.9936178
276_SP_TLP,DEPORTIVO XÓCHITL,04. EN OBRA,SUR PONIENTE,TLALPAN,19.29054131,-99.18248039
277_SP_TLP,PLAN DE AYALA,04. EN OBRA,SUR PONIENTE,TLALPAN,19.239148,-99.1501391
278_CO_VCA,PROGRESISTA,04. EN OBRA,CENTRO ORIENTE,VENUSTIANO CARRANZA,19.4357548,-99.1083001
279_CO_VCA,ESCUELA VASCO DE QUIROGA,04. EN OBRA,CENTRO ORIENTE,VENUSTIANO CARRANZA,19.44784234,-99.1256776
280_SU_XOC,NATIVITAS,04. EN OBRA,SUR,XOCHIMILCO,,
281_PT_AOB,LOMAS DE TARANGO,04. EN OBRA,PONIENTE,ALVARO OBREGON,,
282_PT_AOB,SANTA ROSA,04. EN OBRA,PONIENTE,ALVARO OBREGON,19.3259724,-99.2822081
283_SP_COY,CANTERA PAPATZIN,04. EN OBRA,SUR PONIENTE,COYOACAN,19.31227332,-99.16538951
284_NT_GAM,RAMÓN CORONA,01. EN OPERACIÓN,NORTE,GUSTAVO A. MADERO,19.4771063,-99.1239005
285_SP_TLP,CHICHICASPATL II,04. EN OBRA,SUR PONIENTE,TLALPAN,19.2745601,-99.242329
286_IZ_IZP,CENTRAL DE ABASTOS-PRODUCTORES,04. EN OBRA,IZTAPALAPA,IZTAPALAPA,19.3701555,-99.0886008
287_IZ_IZP,ÁLVARO OBREGÓN,04. EN OBRA,IZTAPALAPA,IZTAPALAPA,19.3726901,-99.0360778
288_IZ_IZP,LOS ÁNGELES,04. EN OBRA,IZTAPALAPA,IZTAPALAPA,19.3459131,-99.0658205
289_PT_MIH,TACUBAYA,04. EN OBRA,PONIENTE,MIGUEL HIDALGO,19.39598881,-99.18784557
290_SP_TLP,SAN NICOLÁS II,04. EN OBRA,SUR PONIENTE,TLALPAN,,
291_PT_CUM,CUAJIMALPA,02. RECIBIDO SECTEI,PONIENTE,CUAJIMALPA DE MORELOS,19.3578139,-99.2993839
292_PT_AOB,LOMAS DE PLATEROS,04. EN OBRA,PONIENTE,ALVARO OBREGON,19.36815991,-99.208013
293_PT_AOB,TOLTECA,04. EN OBRA,PONIENTE,ALVARO OBREGON,19.3879863,-99.1998825
294_PT_AOB,BOSQUES II SECCIÓN,04. EN OBRA,PONIENTE,ALVARO OBREGON,19.3921653,-99.1991296
295_NT_GAM,LOMA LA PALMA,03. OBRA CONCLUIDA-SIN RECIBIR,NORTE,GUSTAVO A. MADERO,19.5496139,-99.1426967
296_NT_GAM,SAN FELIPE DE JESÚS II,01. EN OPERACIÓN,NORTE,GUSTAVO A. MADERO,19.4931154,-99.0767377
297_IZ_IZP,MARCELINO BUENDÍA,04. EN OBRA,IZTAPALAPA,IZTAPALAPA,19.38046766,-99.06940675
298_IZ_IZP,ARCOÍRIS,04. EN OBRA,IZTAPALAPA,IZTAPALAPA,,
299_SP_TLP,FRAMBOYANES,04. EN OBRA,SUR PONIENTE,TLALPAN,19.2989326,-99.2269652
300_SU_TLH,JAIME TORRES BODET,04. EN OBRA,SUR,TLAHUAC,19.23049728,-98.99978183